Date,Content,Video title,Video publish time,Duration,Engaged views
2025-06-15,AFYWV-I7y28,Why people HATE sales jobs,"Oct 15, 2024",45,0
2025-06-16,AFYWV-I7y28,Why people HATE sales jobs,"Oct 15, 2024",45,1
2025-06-17,AFYWV-I7y28,Why people HATE sales jobs,"Oct 15, 2024",45,5
2025-06-18,AFYWV-I7y28,Why people HATE sales jobs,"Oct 15, 2024",45,3
2025-06-19,AFYWV-I7y28,Why people HATE sales jobs,"Oct 15, 2024",45,0
2025-06-20,AFYWV-I7y28,Why people HATE sales jobs,"Oct 15, 2024",45,1
2025-06-21,AFYWV-I7y28,Why people HATE sales jobs,"Oct 15, 2024",45,0
2025-06-22,AFYWV-I7y28,Why people HATE sales jobs,"Oct 15, 2024",45,1
2025-06-23,AFYWV-I7y28,Why people HATE sales jobs,"Oct 15, 2024",45,2
2025-06-24,AFYWV-I7y28,Why people HATE sales jobs,"Oct 15, 2024",45,2
2025-06-25,AFYWV-I7y28,Why people HATE sales jobs,"Oct 15, 2024",45,7
2025-06-26,AFYWV-I7y28,Why people HATE sales jobs,"Oct 15, 2024",45,5
2025-06-27,AFYWV-I7y28,Why people HATE sales jobs,"Oct 15, 2024",45,3
2025-06-28,AFYWV-I7y28,Why people HATE sales jobs,"Oct 15, 2024",45,3
2025-06-29,AFYWV-I7y28,Why people HATE sales jobs,"Oct 15, 2024",45,3
2025-06-30,AFYWV-I7y28,Why people HATE sales jobs,"Oct 15, 2024",45,1
2025-07-01,AFYWV-I7y28,Why people HATE sales jobs,"Oct 15, 2024",45,4
2025-07-02,AFYWV-I7y28,Why people HATE sales jobs,"Oct 15, 2024",45,2
2025-07-03,AFYWV-I7y28,Why people HATE sales jobs,"Oct 15, 2024",45,1
2025-07-04,AFYWV-I7y28,Why people HATE sales jobs,"Oct 15, 2024",45,1
2025-07-05,AFYWV-I7y28,Why people HATE sales jobs,"Oct 15, 2024",45,1
2025-07-06,AFYWV-I7y28,Why people HATE sales jobs,"Oct 15, 2024",45,1
2025-07-07,AFYWV-I7y28,Why people HATE sales jobs,"Oct 15, 2024",45,2
2025-07-08,AFYWV-I7y28,Why people HATE sales jobs,"Oct 15, 2024",45,1
2025-07-09,AFYWV-I7y28,Why people HATE sales jobs,"Oct 15, 2024",45,3
2025-07-10,AFYWV-I7y28,Why people HATE sales jobs,"Oct 15, 2024",45,1
2025-07-11,AFYWV-I7y28,Why people HATE sales jobs,"Oct 15, 2024",45,5
2025-07-12,AFYWV-I7y28,Why people HATE sales jobs,"Oct 15, 2024",45,3
2025-07-13,AFYWV-I7y28,Why people HATE sales jobs,"Oct 15, 2024",45,2
2025-07-14,AFYWV-I7y28,Why people HATE sales jobs,"Oct 15, 2024",45,3
2025-07-15,AFYWV-I7y28,Why people HATE sales jobs,"Oct 15, 2024",45,4
2025-07-16,AFYWV-I7y28,Why people HATE sales jobs,"Oct 15, 2024",45,2
2025-07-17,AFYWV-I7y28,Why people HATE sales jobs,"Oct 15, 2024",45,3
2025-07-18,AFYWV-I7y28,Why people HATE sales jobs,"Oct 15, 2024",45,2
2025-07-19,AFYWV-I7y28,Why people HATE sales jobs,"Oct 15, 2024",45,2
2025-07-20,AFYWV-I7y28,Why people HATE sales jobs,"Oct 15, 2024",45,2
2025-07-21,AFYWV-I7y28,Why people HATE sales jobs,"Oct 15, 2024",45,2
2025-07-22,AFYWV-I7y28,Why people HATE sales jobs,"Oct 15, 2024",45,6
2025-07-23,AFYWV-I7y28,Why people HATE sales jobs,"Oct 15, 2024",45,4
2025-07-24,AFYWV-I7y28,Why people HATE sales jobs,"Oct 15, 2024",45,5
2025-07-25,AFYWV-I7y28,Why people HATE sales jobs,"Oct 15, 2024",45,2
2025-07-26,AFYWV-I7y28,Why people HATE sales jobs,"Oct 15, 2024",45,0
2025-07-27,AFYWV-I7y28,Why people HATE sales jobs,"Oct 15, 2024",45,0
2025-07-28,AFYWV-I7y28,Why people HATE sales jobs,"Oct 15, 2024",45,1
2025-07-29,AFYWV-I7y28,Why people HATE sales jobs,"Oct 15, 2024",45,1
2025-07-30,AFYWV-I7y28,Why people HATE sales jobs,"Oct 15, 2024",45,3
2025-07-31,AFYWV-I7y28,Why people HATE sales jobs,"Oct 15, 2024",45,0
2025-08-01,AFYWV-I7y28,Why people HATE sales jobs,"Oct 15, 2024",45,1
2025-08-02,AFYWV-I7y28,Why people HATE sales jobs,"Oct 15, 2024",45,3
2025-08-03,AFYWV-I7y28,Why people HATE sales jobs,"Oct 15, 2024",45,2
2025-08-04,AFYWV-I7y28,Why people HATE sales jobs,"Oct 15, 2024",45,2
2025-08-05,AFYWV-I7y28,Why people HATE sales jobs,"Oct 15, 2024",45,0
2025-08-06,AFYWV-I7y28,Why people HATE sales jobs,"Oct 15, 2024",45,1
2025-08-07,AFYWV-I7y28,Why people HATE sales jobs,"Oct 15, 2024",45,3
2025-08-08,AFYWV-I7y28,Why people HATE sales jobs,"Oct 15, 2024",45,2
2025-08-09,AFYWV-I7y28,Why people HATE sales jobs,"Oct 15, 2024",45,1
2025-08-10,AFYWV-I7y28,Why people HATE sales jobs,"Oct 15, 2024",45,3
2025-08-11,AFYWV-I7y28,Why people HATE sales jobs,"Oct 15, 2024",45,4
2025-08-12,AFYWV-I7y28,Why people HATE sales jobs,"Oct 15, 2024",45,1
2025-08-13,AFYWV-I7y28,Why people HATE sales jobs,"Oct 15, 2024",45,2
2025-08-14,AFYWV-I7y28,Why people HATE sales jobs,"Oct 15, 2024",45,2
2025-08-15,AFYWV-I7y28,Why people HATE sales jobs,"Oct 15, 2024",45,3
2025-08-16,AFYWV-I7y28,Why people HATE sales jobs,"Oct 15, 2024",45,0
2025-08-17,AFYWV-I7y28,Why people HATE sales jobs,"Oct 15, 2024",45,0
2025-08-18,AFYWV-I7y28,Why people HATE sales jobs,"Oct 15, 2024",45,0
2025-08-19,AFYWV-I7y28,Why people HATE sales jobs,"Oct 15, 2024",45,1
2025-08-20,AFYWV-I7y28,Why people HATE sales jobs,"Oct 15, 2024",45,6
2025-08-21,AFYWV-I7y28,Why people HATE sales jobs,"Oct 15, 2024",45,3
2025-08-22,AFYWV-I7y28,Why people HATE sales jobs,"Oct 15, 2024",45,2
2025-08-23,AFYWV-I7y28,Why people HATE sales jobs,"Oct 15, 2024",45,2
2025-08-24,AFYWV-I7y28,Why people HATE sales jobs,"Oct 15, 2024",45,1
2025-08-25,AFYWV-I7y28,Why people HATE sales jobs,"Oct 15, 2024",45,3
2025-08-26,AFYWV-I7y28,Why people HATE sales jobs,"Oct 15, 2024",45,1
2025-08-27,AFYWV-I7y28,Why people HATE sales jobs,"Oct 15, 2024",45,2
2025-08-28,AFYWV-I7y28,Why people HATE sales jobs,"Oct 15, 2024",45,4
2025-08-29,AFYWV-I7y28,Why people HATE sales jobs,"Oct 15, 2024",45,3
2025-08-30,AFYWV-I7y28,Why people HATE sales jobs,"Oct 15, 2024",45,0
2025-08-31,AFYWV-I7y28,Why people HATE sales jobs,"Oct 15, 2024",45,4
2025-09-01,AFYWV-I7y28,Why people HATE sales jobs,"Oct 15, 2024",45,1
2025-09-02,AFYWV-I7y28,Why people HATE sales jobs,"Oct 15, 2024",45,2
2025-09-03,AFYWV-I7y28,Why people HATE sales jobs,"Oct 15, 2024",45,2
2025-09-04,AFYWV-I7y28,Why people HATE sales jobs,"Oct 15, 2024",45,6
2025-09-05,AFYWV-I7y28,Why people HATE sales jobs,"Oct 15, 2024",45,3
2025-09-06,AFYWV-I7y28,Why people HATE sales jobs,"Oct 15, 2024",45,2
2025-09-07,AFYWV-I7y28,Why people HATE sales jobs,"Oct 15, 2024",45,0
2025-09-08,AFYWV-I7y28,Why people HATE sales jobs,"Oct 15, 2024",45,3
2025-09-09,AFYWV-I7y28,Why people HATE sales jobs,"Oct 15, 2024",45,4
2025-09-10,AFYWV-I7y28,Why people HATE sales jobs,"Oct 15, 2024",45,3
2025-09-11,AFYWV-I7y28,Why people HATE sales jobs,"Oct 15, 2024",45,2
2025-09-12,AFYWV-I7y28,Why people HATE sales jobs,"Oct 15, 2024",45,3
2025-09-13,AFYWV-I7y28,Why people HATE sales jobs,"Oct 15, 2024",45,1
2025-09-14,AFYWV-I7y28,Why people HATE sales jobs,"Oct 15, 2024",45,2
2025-09-15,AFYWV-I7y28,Why people HATE sales jobs,"Oct 15, 2024",45,5
2025-09-16,AFYWV-I7y28,Why people HATE sales jobs,"Oct 15, 2024",45,4
2025-09-17,AFYWV-I7y28,Why people HATE sales jobs,"Oct 15, 2024",45,2
2025-09-18,AFYWV-I7y28,Why people HATE sales jobs,"Oct 15, 2024",45,4
2025-09-19,AFYWV-I7y28,Why people HATE sales jobs,"Oct 15, 2024",45,4
2025-09-20,AFYWV-I7y28,Why people HATE sales jobs,"Oct 15, 2024",45,1
2025-09-21,AFYWV-I7y28,Why people HATE sales jobs,"Oct 15, 2024",45,0
2025-09-22,AFYWV-I7y28,Why people HATE sales jobs,"Oct 15, 2024",45,2
2025-09-23,AFYWV-I7y28,Why people HATE sales jobs,"Oct 15, 2024",45,3
2025-09-24,AFYWV-I7y28,Why people HATE sales jobs,"Oct 15, 2024",45,1
2025-09-25,AFYWV-I7y28,Why people HATE sales jobs,"Oct 15, 2024",45,3
2025-09-26,AFYWV-I7y28,Why people HATE sales jobs,"Oct 15, 2024",45,2
2025-09-27,AFYWV-I7y28,Why people HATE sales jobs,"Oct 15, 2024",45,2
2025-09-28,AFYWV-I7y28,Why people HATE sales jobs,"Oct 15, 2024",45,1
2025-09-29,AFYWV-I7y28,Why people HATE sales jobs,"Oct 15, 2024",45,3
2025-09-30,AFYWV-I7y28,Why people HATE sales jobs,"Oct 15, 2024",45,2
2025-10-01,AFYWV-I7y28,Why people HATE sales jobs,"Oct 15, 2024",45,1
2025-10-02,AFYWV-I7y28,Why people HATE sales jobs,"Oct 15, 2024",45,5
2025-10-03,AFYWV-I7y28,Why people HATE sales jobs,"Oct 15, 2024",45,3
2025-10-04,AFYWV-I7y28,Why people HATE sales jobs,"Oct 15, 2024",45,3
2025-10-05,AFYWV-I7y28,Why people HATE sales jobs,"Oct 15, 2024",45,0
2025-10-06,AFYWV-I7y28,Why people HATE sales jobs,"Oct 15, 2024",45,1
2025-10-07,AFYWV-I7y28,Why people HATE sales jobs,"Oct 15, 2024",45,6
2025-10-08,AFYWV-I7y28,Why people HATE sales jobs,"Oct 15, 2024",45,5
2025-10-09,AFYWV-I7y28,Why people HATE sales jobs,"Oct 15, 2024",45,4
2025-10-10,AFYWV-I7y28,Why people HATE sales jobs,"Oct 15, 2024",45,2
2025-10-11,AFYWV-I7y28,Why people HATE sales jobs,"Oct 15, 2024",45,1
2025-10-12,AFYWV-I7y28,Why people HATE sales jobs,"Oct 15, 2024",45,2
2025-10-13,AFYWV-I7y28,Why people HATE sales jobs,"Oct 15, 2024",45,3
2025-10-14,AFYWV-I7y28,Why people HATE sales jobs,"Oct 15, 2024",45,2
2025-10-15,AFYWV-I7y28,Why people HATE sales jobs,"Oct 15, 2024",45,4
2025-10-16,AFYWV-I7y28,Why people HATE sales jobs,"Oct 15, 2024",45,1
2025-10-17,AFYWV-I7y28,Why people HATE sales jobs,"Oct 15, 2024",45,1
2025-10-18,AFYWV-I7y28,Why people HATE sales jobs,"Oct 15, 2024",45,3
2025-10-19,AFYWV-I7y28,Why people HATE sales jobs,"Oct 15, 2024",45,0
2025-10-20,AFYWV-I7y28,Why people HATE sales jobs,"Oct 15, 2024",45,4
2025-10-21,AFYWV-I7y28,Why people HATE sales jobs,"Oct 15, 2024",45,3
2025-10-22,AFYWV-I7y28,Why people HATE sales jobs,"Oct 15, 2024",45,2
2025-10-23,AFYWV-I7y28,Why people HATE sales jobs,"Oct 15, 2024",45,3
2025-10-24,AFYWV-I7y28,Why people HATE sales jobs,"Oct 15, 2024",45,1
2025-10-25,AFYWV-I7y28,Why people HATE sales jobs,"Oct 15, 2024",45,3
2025-10-26,AFYWV-I7y28,Why people HATE sales jobs,"Oct 15, 2024",45,1
2025-10-27,AFYWV-I7y28,Why people HATE sales jobs,"Oct 15, 2024",45,0
2025-10-28,AFYWV-I7y28,Why people HATE sales jobs,"Oct 15, 2024",45,1
2025-10-29,AFYWV-I7y28,Why people HATE sales jobs,"Oct 15, 2024",45,2
2025-10-30,AFYWV-I7y28,Why people HATE sales jobs,"Oct 15, 2024",45,4
2025-10-31,AFYWV-I7y28,Why people HATE sales jobs,"Oct 15, 2024",45,0
2025-11-01,AFYWV-I7y28,Why people HATE sales jobs,"Oct 15, 2024",45,0
2025-11-02,AFYWV-I7y28,Why people HATE sales jobs,"Oct 15, 2024",45,2
2025-11-03,AFYWV-I7y28,Why people HATE sales jobs,"Oct 15, 2024",45,3
2025-11-04,AFYWV-I7y28,Why people HATE sales jobs,"Oct 15, 2024",45,1
2025-11-05,AFYWV-I7y28,Why people HATE sales jobs,"Oct 15, 2024",45,0
2025-11-06,AFYWV-I7y28,Why people HATE sales jobs,"Oct 15, 2024",45,1
2025-11-07,AFYWV-I7y28,Why people HATE sales jobs,"Oct 15, 2024",45,3
2025-11-08,AFYWV-I7y28,Why people HATE sales jobs,"Oct 15, 2024",45,4
2025-11-09,AFYWV-I7y28,Why people HATE sales jobs,"Oct 15, 2024",45,1
2025-11-10,AFYWV-I7y28,Why people HATE sales jobs,"Oct 15, 2024",45,2
2025-11-11,AFYWV-I7y28,Why people HATE sales jobs,"Oct 15, 2024",45,3
2025-11-12,AFYWV-I7y28,Why people HATE sales jobs,"Oct 15, 2024",45,4
2025-11-13,AFYWV-I7y28,Why people HATE sales jobs,"Oct 15, 2024",45,2
2025-11-14,AFYWV-I7y28,Why people HATE sales jobs,"Oct 15, 2024",45,2
2025-11-15,AFYWV-I7y28,Why people HATE sales jobs,"Oct 15, 2024",45,1
2025-11-16,AFYWV-I7y28,Why people HATE sales jobs,"Oct 15, 2024",45,1
2025-11-17,AFYWV-I7y28,Why people HATE sales jobs,"Oct 15, 2024",45,3
2025-11-18,AFYWV-I7y28,Why people HATE sales jobs,"Oct 15, 2024",45,1
2025-11-19,AFYWV-I7y28,Why people HATE sales jobs,"Oct 15, 2024",45,1
2025-11-20,AFYWV-I7y28,Why people HATE sales jobs,"Oct 15, 2024",45,2
2025-11-21,AFYWV-I7y28,Why people HATE sales jobs,"Oct 15, 2024",45,1
2025-11-22,AFYWV-I7y28,Why people HATE sales jobs,"Oct 15, 2024",45,1
2025-11-23,AFYWV-I7y28,Why people HATE sales jobs,"Oct 15, 2024",45,4
2025-11-24,AFYWV-I7y28,Why people HATE sales jobs,"Oct 15, 2024",45,2
2025-11-25,AFYWV-I7y28,Why people HATE sales jobs,"Oct 15, 2024",45,3
2025-11-26,AFYWV-I7y28,Why people HATE sales jobs,"Oct 15, 2024",45,1
2025-11-27,AFYWV-I7y28,Why people HATE sales jobs,"Oct 15, 2024",45,2
2025-11-28,AFYWV-I7y28,Why people HATE sales jobs,"Oct 15, 2024",45,3
2025-11-29,AFYWV-I7y28,Why people HATE sales jobs,"Oct 15, 2024",45,1
2025-11-30,AFYWV-I7y28,Why people HATE sales jobs,"Oct 15, 2024",45,3
2025-12-01,AFYWV-I7y28,Why people HATE sales jobs,"Oct 15, 2024",45,2
2025-12-02,AFYWV-I7y28,Why people HATE sales jobs,"Oct 15, 2024",45,2
2025-12-03,AFYWV-I7y28,Why people HATE sales jobs,"Oct 15, 2024",45,5
2025-12-04,AFYWV-I7y28,Why people HATE sales jobs,"Oct 15, 2024",45,2
2025-12-05,AFYWV-I7y28,Why people HATE sales jobs,"Oct 15, 2024",45,4
2025-12-06,AFYWV-I7y28,Why people HATE sales jobs,"Oct 15, 2024",45,5
2025-12-07,AFYWV-I7y28,Why people HATE sales jobs,"Oct 15, 2024",45,0
2025-12-08,AFYWV-I7y28,Why people HATE sales jobs,"Oct 15, 2024",45,2
2025-12-09,AFYWV-I7y28,Why people HATE sales jobs,"Oct 15, 2024",45,1
2025-12-10,AFYWV-I7y28,Why people HATE sales jobs,"Oct 15, 2024",45,6
2025-12-11,AFYWV-I7y28,Why people HATE sales jobs,"Oct 15, 2024",45,1
2025-12-12,AFYWV-I7y28,Why people HATE sales jobs,"Oct 15, 2024",45,2
2025-12-13,AFYWV-I7y28,Why people HATE sales jobs,"Oct 15, 2024",45,3
2025-12-14,AFYWV-I7y28,Why people HATE sales jobs,"Oct 15, 2024",45,4
2025-12-15,AFYWV-I7y28,Why people HATE sales jobs,"Oct 15, 2024",45,1
2025-12-16,AFYWV-I7y28,Why people HATE sales jobs,"Oct 15, 2024",45,3
2025-12-17,AFYWV-I7y28,Why people HATE sales jobs,"Oct 15, 2024",45,3
2025-12-18,AFYWV-I7y28,Why people HATE sales jobs,"Oct 15, 2024",45,5
2025-12-19,AFYWV-I7y28,Why people HATE sales jobs,"Oct 15, 2024",45,2
2025-12-20,AFYWV-I7y28,Why people HATE sales jobs,"Oct 15, 2024",45,2
2025-12-21,AFYWV-I7y28,Why people HATE sales jobs,"Oct 15, 2024",45,7
2025-12-22,AFYWV-I7y28,Why people HATE sales jobs,"Oct 15, 2024",45,4
2025-12-23,AFYWV-I7y28,Why people HATE sales jobs,"Oct 15, 2024",45,5
2025-12-24,AFYWV-I7y28,Why people HATE sales jobs,"Oct 15, 2024",45,1
2025-12-25,AFYWV-I7y28,Why people HATE sales jobs,"Oct 15, 2024",45,3
2025-12-26,AFYWV-I7y28,Why people HATE sales jobs,"Oct 15, 2024",45,1
2025-12-27,AFYWV-I7y28,Why people HATE sales jobs,"Oct 15, 2024",45,0
2025-12-28,AFYWV-I7y28,Why people HATE sales jobs,"Oct 15, 2024",45,2
2025-12-29,AFYWV-I7y28,Why people HATE sales jobs,"Oct 15, 2024",45,0
2025-12-30,AFYWV-I7y28,Why people HATE sales jobs,"Oct 15, 2024",45,3
2025-12-31,AFYWV-I7y28,Why people HATE sales jobs,"Oct 15, 2024",45,1
2026-01-01,AFYWV-I7y28,Why people HATE sales jobs,"Oct 15, 2024",45,3
2026-01-02,AFYWV-I7y28,Why people HATE sales jobs,"Oct 15, 2024",45,2
2026-01-03,AFYWV-I7y28,Why people HATE sales jobs,"Oct 15, 2024",45,2
2026-01-04,AFYWV-I7y28,Why people HATE sales jobs,"Oct 15, 2024",45,5
2026-01-05,AFYWV-I7y28,Why people HATE sales jobs,"Oct 15, 2024",45,4
2026-01-06,AFYWV-I7y28,Why people HATE sales jobs,"Oct 15, 2024",45,5
2026-01-07,AFYWV-I7y28,Why people HATE sales jobs,"Oct 15, 2024",45,3
2026-01-08,AFYWV-I7y28,Why people HATE sales jobs,"Oct 15, 2024",45,4
2026-01-09,AFYWV-I7y28,Why people HATE sales jobs,"Oct 15, 2024",45,2
2026-01-10,AFYWV-I7y28,Why people HATE sales jobs,"Oct 15, 2024",45,2
2026-01-11,AFYWV-I7y28,Why people HATE sales jobs,"Oct 15, 2024",45,3
2026-01-12,AFYWV-I7y28,Why people HATE sales jobs,"Oct 15, 2024",45,2
2026-01-13,AFYWV-I7y28,Why people HATE sales jobs,"Oct 15, 2024",45,4
2026-01-14,AFYWV-I7y28,Why people HATE sales jobs,"Oct 15, 2024",45,4
2026-01-15,AFYWV-I7y28,Why people HATE sales jobs,"Oct 15, 2024",45,2
2026-01-16,AFYWV-I7y28,Why people HATE sales jobs,"Oct 15, 2024",45,1
2026-01-17,AFYWV-I7y28,Why people HATE sales jobs,"Oct 15, 2024",45,2
2026-01-18,AFYWV-I7y28,Why people HATE sales jobs,"Oct 15, 2024",45,2
2026-01-19,AFYWV-I7y28,Why people HATE sales jobs,"Oct 15, 2024",45,1
2026-01-20,AFYWV-I7y28,Why people HATE sales jobs,"Oct 15, 2024",45,3
2026-01-21,AFYWV-I7y28,Why people HATE sales jobs,"Oct 15, 2024",45,4
2026-01-22,AFYWV-I7y28,Why people HATE sales jobs,"Oct 15, 2024",45,3
2026-01-23,AFYWV-I7y28,Why people HATE sales jobs,"Oct 15, 2024",45,2
2026-01-24,AFYWV-I7y28,Why people HATE sales jobs,"Oct 15, 2024",45,3
2026-01-25,AFYWV-I7y28,Why people HATE sales jobs,"Oct 15, 2024",45,2
2026-01-26,AFYWV-I7y28,Why people HATE sales jobs,"Oct 15, 2024",45,2
2026-01-27,AFYWV-I7y28,Why people HATE sales jobs,"Oct 15, 2024",45,2
2026-01-28,AFYWV-I7y28,Why people HATE sales jobs,"Oct 15, 2024",45,6
2026-01-29,AFYWV-I7y28,Why people HATE sales jobs,"Oct 15, 2024",45,3
2026-01-30,AFYWV-I7y28,Why people HATE sales jobs,"Oct 15, 2024",45,0
2026-01-31,AFYWV-I7y28,Why people HATE sales jobs,"Oct 15, 2024",45,4
2026-02-01,AFYWV-I7y28,Why people HATE sales jobs,"Oct 15, 2024",45,2
2026-02-02,AFYWV-I7y28,Why people HATE sales jobs,"Oct 15, 2024",45,5
2026-02-03,AFYWV-I7y28,Why people HATE sales jobs,"Oct 15, 2024",45,13
2026-02-04,AFYWV-I7y28,Why people HATE sales jobs,"Oct 15, 2024",45,6
2026-02-05,AFYWV-I7y28,Why people HATE sales jobs,"Oct 15, 2024",45,4
2026-02-06,AFYWV-I7y28,Why people HATE sales jobs,"Oct 15, 2024",45,2
2026-02-07,AFYWV-I7y28,Why people HATE sales jobs,"Oct 15, 2024",45,4
2026-02-08,AFYWV-I7y28,Why people HATE sales jobs,"Oct 15, 2024",45,0
2026-02-09,AFYWV-I7y28,Why people HATE sales jobs,"Oct 15, 2024",45,6
2026-02-10,AFYWV-I7y28,Why people HATE sales jobs,"Oct 15, 2024",45,5
2026-02-11,AFYWV-I7y28,Why people HATE sales jobs,"Oct 15, 2024",45,6
2026-02-12,AFYWV-I7y28,Why people HATE sales jobs,"Oct 15, 2024",45,4
2026-02-13,AFYWV-I7y28,Why people HATE sales jobs,"Oct 15, 2024",45,5
2026-02-14,AFYWV-I7y28,Why people HATE sales jobs,"Oct 15, 2024",45,2
2026-02-15,AFYWV-I7y28,Why people HATE sales jobs,"Oct 15, 2024",45,1
2026-02-16,AFYWV-I7y28,Why people HATE sales jobs,"Oct 15, 2024",45,5
2026-02-17,AFYWV-I7y28,Why people HATE sales jobs,"Oct 15, 2024",45,4
2026-02-18,AFYWV-I7y28,Why people HATE sales jobs,"Oct 15, 2024",45,1
2026-02-19,AFYWV-I7y28,Why people HATE sales jobs,"Oct 15, 2024",45,9
2026-02-20,AFYWV-I7y28,Why people HATE sales jobs,"Oct 15, 2024",45,1
2026-02-21,AFYWV-I7y28,Why people HATE sales jobs,"Oct 15, 2024",45,3
2026-02-22,AFYWV-I7y28,Why people HATE sales jobs,"Oct 15, 2024",45,3
2026-02-23,AFYWV-I7y28,Why people HATE sales jobs,"Oct 15, 2024",45,3
2026-02-24,AFYWV-I7y28,Why people HATE sales jobs,"Oct 15, 2024",45,2
2026-02-25,AFYWV-I7y28,Why people HATE sales jobs,"Oct 15, 2024",45,5
2026-02-26,AFYWV-I7y28,Why people HATE sales jobs,"Oct 15, 2024",45,6
2026-02-27,AFYWV-I7y28,Why people HATE sales jobs,"Oct 15, 2024",45,5
2026-02-28,AFYWV-I7y28,Why people HATE sales jobs,"Oct 15, 2024",45,1
2026-03-01,AFYWV-I7y28,Why people HATE sales jobs,"Oct 15, 2024",45,2
2026-03-02,AFYWV-I7y28,Why people HATE sales jobs,"Oct 15, 2024",45,8
2026-03-03,AFYWV-I7y28,Why people HATE sales jobs,"Oct 15, 2024",45,2
2026-03-04,AFYWV-I7y28,Why people HATE sales jobs,"Oct 15, 2024",45,6
2026-03-05,AFYWV-I7y28,Why people HATE sales jobs,"Oct 15, 2024",45,3
2026-03-06,AFYWV-I7y28,Why people HATE sales jobs,"Oct 15, 2024",45,4
2026-03-07,AFYWV-I7y28,Why people HATE sales jobs,"Oct 15, 2024",45,3
2026-03-08,AFYWV-I7y28,Why people HATE sales jobs,"Oct 15, 2024",45,5
2026-03-09,AFYWV-I7y28,Why people HATE sales jobs,"Oct 15, 2024",45,8
2026-03-10,AFYWV-I7y28,Why people HATE sales jobs,"Oct 15, 2024",45,10
2026-03-11,AFYWV-I7y28,Why people HATE sales jobs,"Oct 15, 2024",45,4
2026-03-12,AFYWV-I7y28,Why people HATE sales jobs,"Oct 15, 2024",45,11
2026-03-13,AFYWV-I7y28,Why people HATE sales jobs,"Oct 15, 2024",45,2
2026-03-14,AFYWV-I7y28,Why people HATE sales jobs,"Oct 15, 2024",45,4
2026-03-15,AFYWV-I7y28,Why people HATE sales jobs,"Oct 15, 2024",45,5
2026-03-16,AFYWV-I7y28,Why people HATE sales jobs,"Oct 15, 2024",45,5
2026-03-17,AFYWV-I7y28,Why people HATE sales jobs,"Oct 15, 2024",45,7
2026-03-18,AFYWV-I7y28,Why people HATE sales jobs,"Oct 15, 2024",45,11
2026-03-19,AFYWV-I7y28,Why people HATE sales jobs,"Oct 15, 2024",45,5
2026-03-20,AFYWV-I7y28,Why people HATE sales jobs,"Oct 15, 2024",45,4
2026-03-21,AFYWV-I7y28,Why people HATE sales jobs,"Oct 15, 2024",45,7
2026-03-22,AFYWV-I7y28,Why people HATE sales jobs,"Oct 15, 2024",45,6
2026-03-23,AFYWV-I7y28,Why people HATE sales jobs,"Oct 15, 2024",45,10
2026-03-24,AFYWV-I7y28,Why people HATE sales jobs,"Oct 15, 2024",45,11
2026-03-25,AFYWV-I7y28,Why people HATE sales jobs,"Oct 15, 2024",45,5
2026-03-26,AFYWV-I7y28,Why people HATE sales jobs,"Oct 15, 2024",45,8
2026-03-27,AFYWV-I7y28,Why people HATE sales jobs,"Oct 15, 2024",45,8
2026-03-28,AFYWV-I7y28,Why people HATE sales jobs,"Oct 15, 2024",45,3
2026-03-29,AFYWV-I7y28,Why people HATE sales jobs,"Oct 15, 2024",45,4
2026-03-30,AFYWV-I7y28,Why people HATE sales jobs,"Oct 15, 2024",45,8
2026-03-31,AFYWV-I7y28,Why people HATE sales jobs,"Oct 15, 2024",45,6
2026-04-01,AFYWV-I7y28,Why people HATE sales jobs,"Oct 15, 2024",45,2
2026-04-02,AFYWV-I7y28,Why people HATE sales jobs,"Oct 15, 2024",45,4
2026-04-03,AFYWV-I7y28,Why people HATE sales jobs,"Oct 15, 2024",45,4
2026-04-04,AFYWV-I7y28,Why people HATE sales jobs,"Oct 15, 2024",45,5
2026-04-05,AFYWV-I7y28,Why people HATE sales jobs,"Oct 15, 2024",45,8
2026-04-06,AFYWV-I7y28,Why people HATE sales jobs,"Oct 15, 2024",45,6
2026-04-07,AFYWV-I7y28,Why people HATE sales jobs,"Oct 15, 2024",45,2
2026-04-08,AFYWV-I7y28,Why people HATE sales jobs,"Oct 15, 2024",45,1
2026-04-09,AFYWV-I7y28,Why people HATE sales jobs,"Oct 15, 2024",45,3
2026-04-10,AFYWV-I7y28,Why people HATE sales jobs,"Oct 15, 2024",45,5
2026-04-11,AFYWV-I7y28,Why people HATE sales jobs,"Oct 15, 2024",45,6
2026-04-12,AFYWV-I7y28,Why people HATE sales jobs,"Oct 15, 2024",45,0
2026-04-13,AFYWV-I7y28,Why people HATE sales jobs,"Oct 15, 2024",45,3
2026-04-14,AFYWV-I7y28,Why people HATE sales jobs,"Oct 15, 2024",45,11
2026-04-15,AFYWV-I7y28,Why people HATE sales jobs,"Oct 15, 2024",45,8
2026-04-16,AFYWV-I7y28,Why people HATE sales jobs,"Oct 15, 2024",45,6
2026-04-17,AFYWV-I7y28,Why people HATE sales jobs,"Oct 15, 2024",45,6
2026-04-18,AFYWV-I7y28,Why people HATE sales jobs,"Oct 15, 2024",45,4
2026-04-19,AFYWV-I7y28,Why people HATE sales jobs,"Oct 15, 2024",45,6
2026-04-20,AFYWV-I7y28,Why people HATE sales jobs,"Oct 15, 2024",45,1
2026-04-21,AFYWV-I7y28,Why people HATE sales jobs,"Oct 15, 2024",45,5
2026-04-22,AFYWV-I7y28,Why people HATE sales jobs,"Oct 15, 2024",45,9
2026-04-23,AFYWV-I7y28,Why people HATE sales jobs,"Oct 15, 2024",45,4
2026-04-24,AFYWV-I7y28,Why people HATE sales jobs,"Oct 15, 2024",45,6
2026-04-25,AFYWV-I7y28,Why people HATE sales jobs,"Oct 15, 2024",45,2
2026-04-26,AFYWV-I7y28,Why people HATE sales jobs,"Oct 15, 2024",45,2
2026-04-27,AFYWV-I7y28,Why people HATE sales jobs,"Oct 15, 2024",45,1
2026-04-28,AFYWV-I7y28,Why people HATE sales jobs,"Oct 15, 2024",45,10
2026-04-29,AFYWV-I7y28,Why people HATE sales jobs,"Oct 15, 2024",45,12
2026-04-30,AFYWV-I7y28,Why people HATE sales jobs,"Oct 15, 2024",45,6
2026-05-01,AFYWV-I7y28,Why people HATE sales jobs,"Oct 15, 2024",45,5
2026-05-02,AFYWV-I7y28,Why people HATE sales jobs,"Oct 15, 2024",45,3
2026-05-03,AFYWV-I7y28,Why people HATE sales jobs,"Oct 15, 2024",45,4
2026-05-04,AFYWV-I7y28,Why people HATE sales jobs,"Oct 15, 2024",45,4
2026-05-05,AFYWV-I7y28,Why people HATE sales jobs,"Oct 15, 2024",45,8
2026-05-06,AFYWV-I7y28,Why people HATE sales jobs,"Oct 15, 2024",45,7
2026-05-07,AFYWV-I7y28,Why people HATE sales jobs,"Oct 15, 2024",45,1
2026-05-08,AFYWV-I7y28,Why people HATE sales jobs,"Oct 15, 2024",45,4
2026-05-09,AFYWV-I7y28,Why people HATE sales jobs,"Oct 15, 2024",45,5
2026-05-10,AFYWV-I7y28,Why people HATE sales jobs,"Oct 15, 2024",45,2
2026-05-11,AFYWV-I7y28,Why people HATE sales jobs,"Oct 15, 2024",45,6
2026-05-12,AFYWV-I7y28,Why people HATE sales jobs,"Oct 15, 2024",45,6
2026-05-13,AFYWV-I7y28,Why people HATE sales jobs,"Oct 15, 2024",45,5
2026-05-14,AFYWV-I7y28,Why people HATE sales jobs,"Oct 15, 2024",45,7
2026-05-15,AFYWV-I7y28,Why people HATE sales jobs,"Oct 15, 2024",45,4
2026-05-16,AFYWV-I7y28,Why people HATE sales jobs,"Oct 15, 2024",45,2
2026-05-17,AFYWV-I7y28,Why people HATE sales jobs,"Oct 15, 2024",45,6
2026-05-18,AFYWV-I7y28,Why people HATE sales jobs,"Oct 15, 2024",45,6
2026-05-19,AFYWV-I7y28,Why people HATE sales jobs,"Oct 15, 2024",45,13
2026-05-20,AFYWV-I7y28,Why people HATE sales jobs,"Oct 15, 2024",45,5
2026-05-21,AFYWV-I7y28,Why people HATE sales jobs,"Oct 15, 2024",45,7
2026-05-22,AFYWV-I7y28,Why people HATE sales jobs,"Oct 15, 2024",45,7
2026-05-23,AFYWV-I7y28,Why people HATE sales jobs,"Oct 15, 2024",45,8
2026-05-24,AFYWV-I7y28,Why people HATE sales jobs,"Oct 15, 2024",45,3
2026-05-25,AFYWV-I7y28,Why people HATE sales jobs,"Oct 15, 2024",45,6
2026-05-26,AFYWV-I7y28,Why people HATE sales jobs,"Oct 15, 2024",45,8
2026-05-27,AFYWV-I7y28,Why people HATE sales jobs,"Oct 15, 2024",45,4
2026-05-28,AFYWV-I7y28,Why people HATE sales jobs,"Oct 15, 2024",45,5
2026-05-29,AFYWV-I7y28,Why people HATE sales jobs,"Oct 15, 2024",45,5
2026-05-30,AFYWV-I7y28,Why people HATE sales jobs,"Oct 15, 2024",45,4
2026-05-31,AFYWV-I7y28,Why people HATE sales jobs,"Oct 15, 2024",45,11
2026-06-01,AFYWV-I7y28,Why people HATE sales jobs,"Oct 15, 2024",45,4
2026-06-02,AFYWV-I7y28,Why people HATE sales jobs,"Oct 15, 2024",45,8
2026-06-03,AFYWV-I7y28,Why people HATE sales jobs,"Oct 15, 2024",45,11
2026-06-04,AFYWV-I7y28,Why people HATE sales jobs,"Oct 15, 2024",45,5
2026-06-05,AFYWV-I7y28,Why people HATE sales jobs,"Oct 15, 2024",45,11
2026-06-06,AFYWV-I7y28,Why people HATE sales jobs,"Oct 15, 2024",45,7
2026-06-07,AFYWV-I7y28,Why people HATE sales jobs,"Oct 15, 2024",45,4
2026-06-08,AFYWV-I7y28,Why people HATE sales jobs,"Oct 15, 2024",45,8
2026-06-09,AFYWV-I7y28,Why people HATE sales jobs,"Oct 15, 2024",45,5
2026-06-10,AFYWV-I7y28,Why people HATE sales jobs,"Oct 15, 2024",45,4
2026-06-11,AFYWV-I7y28,Why people HATE sales jobs,"Oct 15, 2024",45,8
2026-06-12,AFYWV-I7y28,Why people HATE sales jobs,"Oct 15, 2024",45,4
2026-06-13,AFYWV-I7y28,Why people HATE sales jobs,"Oct 15, 2024",45,6
2026-06-14,AFYWV-I7y28,Why people HATE sales jobs,"Oct 15, 2024",45,4
2025-06-15,EZscFWFeKgs,Prospect Caught in Lie,"Aug 20, 2025",26,0
2025-06-16,EZscFWFeKgs,Prospect Caught in Lie,"Aug 20, 2025",26,0
2025-06-17,EZscFWFeKgs,Prospect Caught in Lie,"Aug 20, 2025",26,0
2025-06-18,EZscFWFeKgs,Prospect Caught in Lie,"Aug 20, 2025",26,0
2025-06-19,EZscFWFeKgs,Prospect Caught in Lie,"Aug 20, 2025",26,0
2025-06-20,EZscFWFeKgs,Prospect Caught in Lie,"Aug 20, 2025",26,0
2025-06-21,EZscFWFeKgs,Prospect Caught in Lie,"Aug 20, 2025",26,0
2025-06-22,EZscFWFeKgs,Prospect Caught in Lie,"Aug 20, 2025",26,0
2025-06-23,EZscFWFeKgs,Prospect Caught in Lie,"Aug 20, 2025",26,0
2025-06-24,EZscFWFeKgs,Prospect Caught in Lie,"Aug 20, 2025",26,0
2025-06-25,EZscFWFeKgs,Prospect Caught in Lie,"Aug 20, 2025",26,0
2025-06-26,EZscFWFeKgs,Prospect Caught in Lie,"Aug 20, 2025",26,0
2025-06-27,EZscFWFeKgs,Prospect Caught in Lie,"Aug 20, 2025",26,0
2025-06-28,EZscFWFeKgs,Prospect Caught in Lie,"Aug 20, 2025",26,0
2025-06-29,EZscFWFeKgs,Prospect Caught in Lie,"Aug 20, 2025",26,0
2025-06-30,EZscFWFeKgs,Prospect Caught in Lie,"Aug 20, 2025",26,0
2025-07-01,EZscFWFeKgs,Prospect Caught in Lie,"Aug 20, 2025",26,0
2025-07-02,EZscFWFeKgs,Prospect Caught in Lie,"Aug 20, 2025",26,0
2025-07-03,EZscFWFeKgs,Prospect Caught in Lie,"Aug 20, 2025",26,0
2025-07-04,EZscFWFeKgs,Prospect Caught in Lie,"Aug 20, 2025",26,0
2025-07-05,EZscFWFeKgs,Prospect Caught in Lie,"Aug 20, 2025",26,0
2025-07-06,EZscFWFeKgs,Prospect Caught in Lie,"Aug 20, 2025",26,0
2025-07-07,EZscFWFeKgs,Prospect Caught in Lie,"Aug 20, 2025",26,0
2025-07-08,EZscFWFeKgs,Prospect Caught in Lie,"Aug 20, 2025",26,0
2025-07-09,EZscFWFeKgs,Prospect Caught in Lie,"Aug 20, 2025",26,0
2025-07-10,EZscFWFeKgs,Prospect Caught in Lie,"Aug 20, 2025",26,0
2025-07-11,EZscFWFeKgs,Prospect Caught in Lie,"Aug 20, 2025",26,0
2025-07-12,EZscFWFeKgs,Prospect Caught in Lie,"Aug 20, 2025",26,0
2025-07-13,EZscFWFeKgs,Prospect Caught in Lie,"Aug 20, 2025",26,0
2025-07-14,EZscFWFeKgs,Prospect Caught in Lie,"Aug 20, 2025",26,0
2025-07-15,EZscFWFeKgs,Prospect Caught in Lie,"Aug 20, 2025",26,0
2025-07-16,EZscFWFeKgs,Prospect Caught in Lie,"Aug 20, 2025",26,0
2025-07-17,EZscFWFeKgs,Prospect Caught in Lie,"Aug 20, 2025",26,0
2025-07-18,EZscFWFeKgs,Prospect Caught in Lie,"Aug 20, 2025",26,0
2025-07-19,EZscFWFeKgs,Prospect Caught in Lie,"Aug 20, 2025",26,0
2025-07-20,EZscFWFeKgs,Prospect Caught in Lie,"Aug 20, 2025",26,0
2025-07-21,EZscFWFeKgs,Prospect Caught in Lie,"Aug 20, 2025",26,0
2025-07-22,EZscFWFeKgs,Prospect Caught in Lie,"Aug 20, 2025",26,0
2025-07-23,EZscFWFeKgs,Prospect Caught in Lie,"Aug 20, 2025",26,0
2025-07-24,EZscFWFeKgs,Prospect Caught in Lie,"Aug 20, 2025",26,0
2025-07-25,EZscFWFeKgs,Prospect Caught in Lie,"Aug 20, 2025",26,0
2025-07-26,EZscFWFeKgs,Prospect Caught in Lie,"Aug 20, 2025",26,0
2025-07-27,EZscFWFeKgs,Prospect Caught in Lie,"Aug 20, 2025",26,0
2025-07-28,EZscFWFeKgs,Prospect Caught in Lie,"Aug 20, 2025",26,0
2025-07-29,EZscFWFeKgs,Prospect Caught in Lie,"Aug 20, 2025",26,0
2025-07-30,EZscFWFeKgs,Prospect Caught in Lie,"Aug 20, 2025",26,0
2025-07-31,EZscFWFeKgs,Prospect Caught in Lie,"Aug 20, 2025",26,0
2025-08-01,EZscFWFeKgs,Prospect Caught in Lie,"Aug 20, 2025",26,0
2025-08-02,EZscFWFeKgs,Prospect Caught in Lie,"Aug 20, 2025",26,0
2025-08-03,EZscFWFeKgs,Prospect Caught in Lie,"Aug 20, 2025",26,0
2025-08-04,EZscFWFeKgs,Prospect Caught in Lie,"Aug 20, 2025",26,0
2025-08-05,EZscFWFeKgs,Prospect Caught in Lie,"Aug 20, 2025",26,0
2025-08-06,EZscFWFeKgs,Prospect Caught in Lie,"Aug 20, 2025",26,0
2025-08-07,EZscFWFeKgs,Prospect Caught in Lie,"Aug 20, 2025",26,0
2025-08-08,EZscFWFeKgs,Prospect Caught in Lie,"Aug 20, 2025",26,0
2025-08-09,EZscFWFeKgs,Prospect Caught in Lie,"Aug 20, 2025",26,0
2025-08-10,EZscFWFeKgs,Prospect Caught in Lie,"Aug 20, 2025",26,0
2025-08-11,EZscFWFeKgs,Prospect Caught in Lie,"Aug 20, 2025",26,0
2025-08-12,EZscFWFeKgs,Prospect Caught in Lie,"Aug 20, 2025",26,0
2025-08-13,EZscFWFeKgs,Prospect Caught in Lie,"Aug 20, 2025",26,0
2025-08-14,EZscFWFeKgs,Prospect Caught in Lie,"Aug 20, 2025",26,0
2025-08-15,EZscFWFeKgs,Prospect Caught in Lie,"Aug 20, 2025",26,0
2025-08-16,EZscFWFeKgs,Prospect Caught in Lie,"Aug 20, 2025",26,0
2025-08-17,EZscFWFeKgs,Prospect Caught in Lie,"Aug 20, 2025",26,0
2025-08-18,EZscFWFeKgs,Prospect Caught in Lie,"Aug 20, 2025",26,0
2025-08-19,EZscFWFeKgs,Prospect Caught in Lie,"Aug 20, 2025",26,0
2025-08-20,EZscFWFeKgs,Prospect Caught in Lie,"Aug 20, 2025",26,656
2025-08-21,EZscFWFeKgs,Prospect Caught in Lie,"Aug 20, 2025",26,648
2025-08-22,EZscFWFeKgs,Prospect Caught in Lie,"Aug 20, 2025",26,43
2025-08-23,EZscFWFeKgs,Prospect Caught in Lie,"Aug 20, 2025",26,870
2025-08-24,EZscFWFeKgs,Prospect Caught in Lie,"Aug 20, 2025",26,117
2025-08-25,EZscFWFeKgs,Prospect Caught in Lie,"Aug 20, 2025",26,3
2025-08-26,EZscFWFeKgs,Prospect Caught in Lie,"Aug 20, 2025",26,0
2025-08-27,EZscFWFeKgs,Prospect Caught in Lie,"Aug 20, 2025",26,1
2025-08-28,EZscFWFeKgs,Prospect Caught in Lie,"Aug 20, 2025",26,0
2025-08-29,EZscFWFeKgs,Prospect Caught in Lie,"Aug 20, 2025",26,1
2025-08-30,EZscFWFeKgs,Prospect Caught in Lie,"Aug 20, 2025",26,0
2025-08-31,EZscFWFeKgs,Prospect Caught in Lie,"Aug 20, 2025",26,0
2025-09-01,EZscFWFeKgs,Prospect Caught in Lie,"Aug 20, 2025",26,1
2025-09-02,EZscFWFeKgs,Prospect Caught in Lie,"Aug 20, 2025",26,0
2025-09-03,EZscFWFeKgs,Prospect Caught in Lie,"Aug 20, 2025",26,3
2025-09-04,EZscFWFeKgs,Prospect Caught in Lie,"Aug 20, 2025",26,1
2025-09-05,EZscFWFeKgs,Prospect Caught in Lie,"Aug 20, 2025",26,0
2025-09-06,EZscFWFeKgs,Prospect Caught in Lie,"Aug 20, 2025",26,0
2025-09-07,EZscFWFeKgs,Prospect Caught in Lie,"Aug 20, 2025",26,0
2025-09-08,EZscFWFeKgs,Prospect Caught in Lie,"Aug 20, 2025",26,0
2025-09-09,EZscFWFeKgs,Prospect Caught in Lie,"Aug 20, 2025",26,0
2025-09-10,EZscFWFeKgs,Prospect Caught in Lie,"Aug 20, 2025",26,0
2025-09-11,EZscFWFeKgs,Prospect Caught in Lie,"Aug 20, 2025",26,7
2025-09-12,EZscFWFeKgs,Prospect Caught in Lie,"Aug 20, 2025",26,0
2025-09-13,EZscFWFeKgs,Prospect Caught in Lie,"Aug 20, 2025",26,0
2025-09-14,EZscFWFeKgs,Prospect Caught in Lie,"Aug 20, 2025",26,0
2025-09-15,EZscFWFeKgs,Prospect Caught in Lie,"Aug 20, 2025",26,0
2025-09-16,EZscFWFeKgs,Prospect Caught in Lie,"Aug 20, 2025",26,0
2025-09-17,EZscFWFeKgs,Prospect Caught in Lie,"Aug 20, 2025",26,0
2025-09-18,EZscFWFeKgs,Prospect Caught in Lie,"Aug 20, 2025",26,1
2025-09-19,EZscFWFeKgs,Prospect Caught in Lie,"Aug 20, 2025",26,1
2025-09-20,EZscFWFeKgs,Prospect Caught in Lie,"Aug 20, 2025",26,0
2025-09-21,EZscFWFeKgs,Prospect Caught in Lie,"Aug 20, 2025",26,0
2025-09-22,EZscFWFeKgs,Prospect Caught in Lie,"Aug 20, 2025",26,1
2025-09-23,EZscFWFeKgs,Prospect Caught in Lie,"Aug 20, 2025",26,0
2025-09-24,EZscFWFeKgs,Prospect Caught in Lie,"Aug 20, 2025",26,0
2025-09-25,EZscFWFeKgs,Prospect Caught in Lie,"Aug 20, 2025",26,1
2025-09-26,EZscFWFeKgs,Prospect Caught in Lie,"Aug 20, 2025",26,0
2025-09-27,EZscFWFeKgs,Prospect Caught in Lie,"Aug 20, 2025",26,0
2025-09-28,EZscFWFeKgs,Prospect Caught in Lie,"Aug 20, 2025",26,0
2025-09-29,EZscFWFeKgs,Prospect Caught in Lie,"Aug 20, 2025",26,1
2025-09-30,EZscFWFeKgs,Prospect Caught in Lie,"Aug 20, 2025",26,0
2025-10-01,EZscFWFeKgs,Prospect Caught in Lie,"Aug 20, 2025",26,0
2025-10-02,EZscFWFeKgs,Prospect Caught in Lie,"Aug 20, 2025",26,0
2025-10-03,EZscFWFeKgs,Prospect Caught in Lie,"Aug 20, 2025",26,0
2025-10-04,EZscFWFeKgs,Prospect Caught in Lie,"Aug 20, 2025",26,0
2025-10-05,EZscFWFeKgs,Prospect Caught in Lie,"Aug 20, 2025",26,0
2025-10-06,EZscFWFeKgs,Prospect Caught in Lie,"Aug 20, 2025",26,1
2025-10-07,EZscFWFeKgs,Prospect Caught in Lie,"Aug 20, 2025",26,0
2025-10-08,EZscFWFeKgs,Prospect Caught in Lie,"Aug 20, 2025",26,1
2025-10-09,EZscFWFeKgs,Prospect Caught in Lie,"Aug 20, 2025",26,0
2025-10-10,EZscFWFeKgs,Prospect Caught in Lie,"Aug 20, 2025",26,0
2025-10-11,EZscFWFeKgs,Prospect Caught in Lie,"Aug 20, 2025",26,0
2025-10-12,EZscFWFeKgs,Prospect Caught in Lie,"Aug 20, 2025",26,0
2025-10-13,EZscFWFeKgs,Prospect Caught in Lie,"Aug 20, 2025",26,0
2025-10-14,EZscFWFeKgs,Prospect Caught in Lie,"Aug 20, 2025",26,0
2025-10-15,EZscFWFeKgs,Prospect Caught in Lie,"Aug 20, 2025",26,0
2025-10-16,EZscFWFeKgs,Prospect Caught in Lie,"Aug 20, 2025",26,0
2025-10-17,EZscFWFeKgs,Prospect Caught in Lie,"Aug 20, 2025",26,0
2025-10-18,EZscFWFeKgs,Prospect Caught in Lie,"Aug 20, 2025",26,0
2025-10-19,EZscFWFeKgs,Prospect Caught in Lie,"Aug 20, 2025",26,0
2025-10-20,EZscFWFeKgs,Prospect Caught in Lie,"Aug 20, 2025",26,0
2025-10-21,EZscFWFeKgs,Prospect Caught in Lie,"Aug 20, 2025",26,0
2025-10-22,EZscFWFeKgs,Prospect Caught in Lie,"Aug 20, 2025",26,0
2025-10-23,EZscFWFeKgs,Prospect Caught in Lie,"Aug 20, 2025",26,0
2025-10-24,EZscFWFeKgs,Prospect Caught in Lie,"Aug 20, 2025",26,0
2025-10-25,EZscFWFeKgs,Prospect Caught in Lie,"Aug 20, 2025",26,0
2025-10-26,EZscFWFeKgs,Prospect Caught in Lie,"Aug 20, 2025",26,0
2025-10-27,EZscFWFeKgs,Prospect Caught in Lie,"Aug 20, 2025",26,0
2025-10-28,EZscFWFeKgs,Prospect Caught in Lie,"Aug 20, 2025",26,0
2025-10-29,EZscFWFeKgs,Prospect Caught in Lie,"Aug 20, 2025",26,2
2025-10-30,EZscFWFeKgs,Prospect Caught in Lie,"Aug 20, 2025",26,0
2025-10-31,EZscFWFeKgs,Prospect Caught in Lie,"Aug 20, 2025",26,0
2025-11-01,EZscFWFeKgs,Prospect Caught in Lie,"Aug 20, 2025",26,0
2025-11-02,EZscFWFeKgs,Prospect Caught in Lie,"Aug 20, 2025",26,0
2025-11-03,EZscFWFeKgs,Prospect Caught in Lie,"Aug 20, 2025",26,0
2025-11-04,EZscFWFeKgs,Prospect Caught in Lie,"Aug 20, 2025",26,0
2025-11-05,EZscFWFeKgs,Prospect Caught in Lie,"Aug 20, 2025",26,0
2025-11-06,EZscFWFeKgs,Prospect Caught in Lie,"Aug 20, 2025",26,1
2025-11-07,EZscFWFeKgs,Prospect Caught in Lie,"Aug 20, 2025",26,0
2025-11-08,EZscFWFeKgs,Prospect Caught in Lie,"Aug 20, 2025",26,0
2025-11-09,EZscFWFeKgs,Prospect Caught in Lie,"Aug 20, 2025",26,1
2025-11-10,EZscFWFeKgs,Prospect Caught in Lie,"Aug 20, 2025",26,0
2025-11-11,EZscFWFeKgs,Prospect Caught in Lie,"Aug 20, 2025",26,0
2025-11-12,EZscFWFeKgs,Prospect Caught in Lie,"Aug 20, 2025",26,0
2025-11-13,EZscFWFeKgs,Prospect Caught in Lie,"Aug 20, 2025",26,1
2025-11-14,EZscFWFeKgs,Prospect Caught in Lie,"Aug 20, 2025",26,0
2025-11-15,EZscFWFeKgs,Prospect Caught in Lie,"Aug 20, 2025",26,0
2025-11-16,EZscFWFeKgs,Prospect Caught in Lie,"Aug 20, 2025",26,0
2025-11-17,EZscFWFeKgs,Prospect Caught in Lie,"Aug 20, 2025",26,0
2025-11-18,EZscFWFeKgs,Prospect Caught in Lie,"Aug 20, 2025",26,0
2025-11-19,EZscFWFeKgs,Prospect Caught in Lie,"Aug 20, 2025",26,1
2025-11-20,EZscFWFeKgs,Prospect Caught in Lie,"Aug 20, 2025",26,0
2025-11-21,EZscFWFeKgs,Prospect Caught in Lie,"Aug 20, 2025",26,0
2025-11-22,EZscFWFeKgs,Prospect Caught in Lie,"Aug 20, 2025",26,0
2025-11-23,EZscFWFeKgs,Prospect Caught in Lie,"Aug 20, 2025",26,0
2025-11-24,EZscFWFeKgs,Prospect Caught in Lie,"Aug 20, 2025",26,0
2025-11-25,EZscFWFeKgs,Prospect Caught in Lie,"Aug 20, 2025",26,0
2025-11-26,EZscFWFeKgs,Prospect Caught in Lie,"Aug 20, 2025",26,0
2025-11-27,EZscFWFeKgs,Prospect Caught in Lie,"Aug 20, 2025",26,0
2025-11-28,EZscFWFeKgs,Prospect Caught in Lie,"Aug 20, 2025",26,0
2025-11-29,EZscFWFeKgs,Prospect Caught in Lie,"Aug 20, 2025",26,0
2025-11-30,EZscFWFeKgs,Prospect Caught in Lie,"Aug 20, 2025",26,0
2025-12-01,EZscFWFeKgs,Prospect Caught in Lie,"Aug 20, 2025",26,0
2025-12-02,EZscFWFeKgs,Prospect Caught in Lie,"Aug 20, 2025",26,0
2025-12-03,EZscFWFeKgs,Prospect Caught in Lie,"Aug 20, 2025",26,0
2025-12-04,EZscFWFeKgs,Prospect Caught in Lie,"Aug 20, 2025",26,0
2025-12-05,EZscFWFeKgs,Prospect Caught in Lie,"Aug 20, 2025",26,1
2025-12-06,EZscFWFeKgs,Prospect Caught in Lie,"Aug 20, 2025",26,0
2025-12-07,EZscFWFeKgs,Prospect Caught in Lie,"Aug 20, 2025",26,0
2025-12-08,EZscFWFeKgs,Prospect Caught in Lie,"Aug 20, 2025",26,0
2025-12-09,EZscFWFeKgs,Prospect Caught in Lie,"Aug 20, 2025",26,0
2025-12-10,EZscFWFeKgs,Prospect Caught in Lie,"Aug 20, 2025",26,0
2025-12-11,EZscFWFeKgs,Prospect Caught in Lie,"Aug 20, 2025",26,0
2025-12-12,EZscFWFeKgs,Prospect Caught in Lie,"Aug 20, 2025",26,0
2025-12-13,EZscFWFeKgs,Prospect Caught in Lie,"Aug 20, 2025",26,0
2025-12-14,EZscFWFeKgs,Prospect Caught in Lie,"Aug 20, 2025",26,0
2025-12-15,EZscFWFeKgs,Prospect Caught in Lie,"Aug 20, 2025",26,0
2025-12-16,EZscFWFeKgs,Prospect Caught in Lie,"Aug 20, 2025",26,0
2025-12-17,EZscFWFeKgs,Prospect Caught in Lie,"Aug 20, 2025",26,0
2025-12-18,EZscFWFeKgs,Prospect Caught in Lie,"Aug 20, 2025",26,0
2025-12-19,EZscFWFeKgs,Prospect Caught in Lie,"Aug 20, 2025",26,0
2025-12-20,EZscFWFeKgs,Prospect Caught in Lie,"Aug 20, 2025",26,0
2025-12-21,EZscFWFeKgs,Prospect Caught in Lie,"Aug 20, 2025",26,1
2025-12-22,EZscFWFeKgs,Prospect Caught in Lie,"Aug 20, 2025",26,0
2025-12-23,EZscFWFeKgs,Prospect Caught in Lie,"Aug 20, 2025",26,1
2025-12-24,EZscFWFeKgs,Prospect Caught in Lie,"Aug 20, 2025",26,0
2025-12-25,EZscFWFeKgs,Prospect Caught in Lie,"Aug 20, 2025",26,0
2025-12-26,EZscFWFeKgs,Prospect Caught in Lie,"Aug 20, 2025",26,0
2025-12-27,EZscFWFeKgs,Prospect Caught in Lie,"Aug 20, 2025",26,0
2025-12-28,EZscFWFeKgs,Prospect Caught in Lie,"Aug 20, 2025",26,0
2025-12-29,EZscFWFeKgs,Prospect Caught in Lie,"Aug 20, 2025",26,0
2025-12-30,EZscFWFeKgs,Prospect Caught in Lie,"Aug 20, 2025",26,1
2025-12-31,EZscFWFeKgs,Prospect Caught in Lie,"Aug 20, 2025",26,0
2026-01-01,EZscFWFeKgs,Prospect Caught in Lie,"Aug 20, 2025",26,0
2026-01-02,EZscFWFeKgs,Prospect Caught in Lie,"Aug 20, 2025",26,0
2026-01-03,EZscFWFeKgs,Prospect Caught in Lie,"Aug 20, 2025",26,1
2026-01-04,EZscFWFeKgs,Prospect Caught in Lie,"Aug 20, 2025",26,0
2026-01-05,EZscFWFeKgs,Prospect Caught in Lie,"Aug 20, 2025",26,0
2026-01-06,EZscFWFeKgs,Prospect Caught in Lie,"Aug 20, 2025",26,0
2026-01-07,EZscFWFeKgs,Prospect Caught in Lie,"Aug 20, 2025",26,1
2026-01-08,EZscFWFeKgs,Prospect Caught in Lie,"Aug 20, 2025",26,0
2026-01-09,EZscFWFeKgs,Prospect Caught in Lie,"Aug 20, 2025",26,0
2026-01-10,EZscFWFeKgs,Prospect Caught in Lie,"Aug 20, 2025",26,0
2026-01-11,EZscFWFeKgs,Prospect Caught in Lie,"Aug 20, 2025",26,0
2026-01-12,EZscFWFeKgs,Prospect Caught in Lie,"Aug 20, 2025",26,0
2026-01-13,EZscFWFeKgs,Prospect Caught in Lie,"Aug 20, 2025",26,0
2026-01-14,EZscFWFeKgs,Prospect Caught in Lie,"Aug 20, 2025",26,0
2026-01-15,EZscFWFeKgs,Prospect Caught in Lie,"Aug 20, 2025",26,1
2026-01-16,EZscFWFeKgs,Prospect Caught in Lie,"Aug 20, 2025",26,0
2026-01-17,EZscFWFeKgs,Prospect Caught in Lie,"Aug 20, 2025",26,0
2026-01-18,EZscFWFeKgs,Prospect Caught in Lie,"Aug 20, 2025",26,1
2026-01-19,EZscFWFeKgs,Prospect Caught in Lie,"Aug 20, 2025",26,0
2026-01-20,EZscFWFeKgs,Prospect Caught in Lie,"Aug 20, 2025",26,0
2026-01-21,EZscFWFeKgs,Prospect Caught in Lie,"Aug 20, 2025",26,0
2026-01-22,EZscFWFeKgs,Prospect Caught in Lie,"Aug 20, 2025",26,0
2026-01-23,EZscFWFeKgs,Prospect Caught in Lie,"Aug 20, 2025",26,0
2026-01-24,EZscFWFeKgs,Prospect Caught in Lie,"Aug 20, 2025",26,0
2026-01-25,EZscFWFeKgs,Prospect Caught in Lie,"Aug 20, 2025",26,0
2026-01-26,EZscFWFeKgs,Prospect Caught in Lie,"Aug 20, 2025",26,0
2026-01-27,EZscFWFeKgs,Prospect Caught in Lie,"Aug 20, 2025",26,0
2026-01-28,EZscFWFeKgs,Prospect Caught in Lie,"Aug 20, 2025",26,0
2026-01-29,EZscFWFeKgs,Prospect Caught in Lie,"Aug 20, 2025",26,0
2026-01-30,EZscFWFeKgs,Prospect Caught in Lie,"Aug 20, 2025",26,0
2026-01-31,EZscFWFeKgs,Prospect Caught in Lie,"Aug 20, 2025",26,0
2026-02-01,EZscFWFeKgs,Prospect Caught in Lie,"Aug 20, 2025",26,0
2026-02-02,EZscFWFeKgs,Prospect Caught in Lie,"Aug 20, 2025",26,0
2026-02-03,EZscFWFeKgs,Prospect Caught in Lie,"Aug 20, 2025",26,1
2026-02-04,EZscFWFeKgs,Prospect Caught in Lie,"Aug 20, 2025",26,1
2026-02-05,EZscFWFeKgs,Prospect Caught in Lie,"Aug 20, 2025",26,0
2026-02-06,EZscFWFeKgs,Prospect Caught in Lie,"Aug 20, 2025",26,0
2026-02-07,EZscFWFeKgs,Prospect Caught in Lie,"Aug 20, 2025",26,0
2026-02-08,EZscFWFeKgs,Prospect Caught in Lie,"Aug 20, 2025",26,0
2026-02-09,EZscFWFeKgs,Prospect Caught in Lie,"Aug 20, 2025",26,0
2026-02-10,EZscFWFeKgs,Prospect Caught in Lie,"Aug 20, 2025",26,0
2026-02-11,EZscFWFeKgs,Prospect Caught in Lie,"Aug 20, 2025",26,0
2026-02-12,EZscFWFeKgs,Prospect Caught in Lie,"Aug 20, 2025",26,0
2026-02-13,EZscFWFeKgs,Prospect Caught in Lie,"Aug 20, 2025",26,0
2026-02-14,EZscFWFeKgs,Prospect Caught in Lie,"Aug 20, 2025",26,0
2026-02-15,EZscFWFeKgs,Prospect Caught in Lie,"Aug 20, 2025",26,0
2026-02-16,EZscFWFeKgs,Prospect Caught in Lie,"Aug 20, 2025",26,0
2026-02-17,EZscFWFeKgs,Prospect Caught in Lie,"Aug 20, 2025",26,1
2026-02-18,EZscFWFeKgs,Prospect Caught in Lie,"Aug 20, 2025",26,0
2026-02-19,EZscFWFeKgs,Prospect Caught in Lie,"Aug 20, 2025",26,0
2026-02-20,EZscFWFeKgs,Prospect Caught in Lie,"Aug 20, 2025",26,0
2026-02-21,EZscFWFeKgs,Prospect Caught in Lie,"Aug 20, 2025",26,0
2026-02-22,EZscFWFeKgs,Prospect Caught in Lie,"Aug 20, 2025",26,0
2026-02-23,EZscFWFeKgs,Prospect Caught in Lie,"Aug 20, 2025",26,1
2026-02-24,EZscFWFeKgs,Prospect Caught in Lie,"Aug 20, 2025",26,0
2026-02-25,EZscFWFeKgs,Prospect Caught in Lie,"Aug 20, 2025",26,0
2026-02-26,EZscFWFeKgs,Prospect Caught in Lie,"Aug 20, 2025",26,0
2026-02-27,EZscFWFeKgs,Prospect Caught in Lie,"Aug 20, 2025",26,0
2026-02-28,EZscFWFeKgs,Prospect Caught in Lie,"Aug 20, 2025",26,0
2026-03-01,EZscFWFeKgs,Prospect Caught in Lie,"Aug 20, 2025",26,0
2026-03-02,EZscFWFeKgs,Prospect Caught in Lie,"Aug 20, 2025",26,0
2026-03-03,EZscFWFeKgs,Prospect Caught in Lie,"Aug 20, 2025",26,0
2026-03-04,EZscFWFeKgs,Prospect Caught in Lie,"Aug 20, 2025",26,0
2026-03-05,EZscFWFeKgs,Prospect Caught in Lie,"Aug 20, 2025",26,0
2026-03-06,EZscFWFeKgs,Prospect Caught in Lie,"Aug 20, 2025",26,0
2026-03-07,EZscFWFeKgs,Prospect Caught in Lie,"Aug 20, 2025",26,0
2026-03-08,EZscFWFeKgs,Prospect Caught in Lie,"Aug 20, 2025",26,0
2026-03-09,EZscFWFeKgs,Prospect Caught in Lie,"Aug 20, 2025",26,0
2026-03-10,EZscFWFeKgs,Prospect Caught in Lie,"Aug 20, 2025",26,0
2026-03-11,EZscFWFeKgs,Prospect Caught in Lie,"Aug 20, 2025",26,0
2026-03-12,EZscFWFeKgs,Prospect Caught in Lie,"Aug 20, 2025",26,0
2026-03-13,EZscFWFeKgs,Prospect Caught in Lie,"Aug 20, 2025",26,0
2026-03-14,EZscFWFeKgs,Prospect Caught in Lie,"Aug 20, 2025",26,0
2026-03-15,EZscFWFeKgs,Prospect Caught in Lie,"Aug 20, 2025",26,0
2026-03-16,EZscFWFeKgs,Prospect Caught in Lie,"Aug 20, 2025",26,0
2026-03-17,EZscFWFeKgs,Prospect Caught in Lie,"Aug 20, 2025",26,0
2026-03-18,EZscFWFeKgs,Prospect Caught in Lie,"Aug 20, 2025",26,0
2026-03-19,EZscFWFeKgs,Prospect Caught in Lie,"Aug 20, 2025",26,0
2026-03-20,EZscFWFeKgs,Prospect Caught in Lie,"Aug 20, 2025",26,1
2026-03-21,EZscFWFeKgs,Prospect Caught in Lie,"Aug 20, 2025",26,1
2026-03-22,EZscFWFeKgs,Prospect Caught in Lie,"Aug 20, 2025",26,1
2026-03-23,EZscFWFeKgs,Prospect Caught in Lie,"Aug 20, 2025",26,0
2026-03-24,EZscFWFeKgs,Prospect Caught in Lie,"Aug 20, 2025",26,1
2026-03-25,EZscFWFeKgs,Prospect Caught in Lie,"Aug 20, 2025",26,0
2026-03-26,EZscFWFeKgs,Prospect Caught in Lie,"Aug 20, 2025",26,0
2026-03-27,EZscFWFeKgs,Prospect Caught in Lie,"Aug 20, 2025",26,0
2026-03-28,EZscFWFeKgs,Prospect Caught in Lie,"Aug 20, 2025",26,0
2026-03-29,EZscFWFeKgs,Prospect Caught in Lie,"Aug 20, 2025",26,1
2026-03-30,EZscFWFeKgs,Prospect Caught in Lie,"Aug 20, 2025",26,1
2026-03-31,EZscFWFeKgs,Prospect Caught in Lie,"Aug 20, 2025",26,0
2026-04-01,EZscFWFeKgs,Prospect Caught in Lie,"Aug 20, 2025",26,0
2026-04-02,EZscFWFeKgs,Prospect Caught in Lie,"Aug 20, 2025",26,0
2026-04-03,EZscFWFeKgs,Prospect Caught in Lie,"Aug 20, 2025",26,0
2026-04-04,EZscFWFeKgs,Prospect Caught in Lie,"Aug 20, 2025",26,0
2026-04-05,EZscFWFeKgs,Prospect Caught in Lie,"Aug 20, 2025",26,0
2026-04-06,EZscFWFeKgs,Prospect Caught in Lie,"Aug 20, 2025",26,0
2026-04-07,EZscFWFeKgs,Prospect Caught in Lie,"Aug 20, 2025",26,0
2026-04-08,EZscFWFeKgs,Prospect Caught in Lie,"Aug 20, 2025",26,0
2026-04-09,EZscFWFeKgs,Prospect Caught in Lie,"Aug 20, 2025",26,0
2026-04-10,EZscFWFeKgs,Prospect Caught in Lie,"Aug 20, 2025",26,0
2026-04-11,EZscFWFeKgs,Prospect Caught in Lie,"Aug 20, 2025",26,0
2026-04-12,EZscFWFeKgs,Prospect Caught in Lie,"Aug 20, 2025",26,0
2026-04-13,EZscFWFeKgs,Prospect Caught in Lie,"Aug 20, 2025",26,0
2026-04-14,EZscFWFeKgs,Prospect Caught in Lie,"Aug 20, 2025",26,0
2026-04-15,EZscFWFeKgs,Prospect Caught in Lie,"Aug 20, 2025",26,0
2026-04-16,EZscFWFeKgs,Prospect Caught in Lie,"Aug 20, 2025",26,0
2026-04-17,EZscFWFeKgs,Prospect Caught in Lie,"Aug 20, 2025",26,0
2026-04-18,EZscFWFeKgs,Prospect Caught in Lie,"Aug 20, 2025",26,0
2026-04-19,EZscFWFeKgs,Prospect Caught in Lie,"Aug 20, 2025",26,0
2026-04-20,EZscFWFeKgs,Prospect Caught in Lie,"Aug 20, 2025",26,0
2026-04-21,EZscFWFeKgs,Prospect Caught in Lie,"Aug 20, 2025",26,0
2026-04-22,EZscFWFeKgs,Prospect Caught in Lie,"Aug 20, 2025",26,0
2026-04-23,EZscFWFeKgs,Prospect Caught in Lie,"Aug 20, 2025",26,0
2026-04-24,EZscFWFeKgs,Prospect Caught in Lie,"Aug 20, 2025",26,0
2026-04-25,EZscFWFeKgs,Prospect Caught in Lie,"Aug 20, 2025",26,0
2026-04-26,EZscFWFeKgs,Prospect Caught in Lie,"Aug 20, 2025",26,0
2026-04-27,EZscFWFeKgs,Prospect Caught in Lie,"Aug 20, 2025",26,0
2026-04-28,EZscFWFeKgs,Prospect Caught in Lie,"Aug 20, 2025",26,0
2026-04-29,EZscFWFeKgs,Prospect Caught in Lie,"Aug 20, 2025",26,0
2026-04-30,EZscFWFeKgs,Prospect Caught in Lie,"Aug 20, 2025",26,0
2026-05-01,EZscFWFeKgs,Prospect Caught in Lie,"Aug 20, 2025",26,0
2026-05-02,EZscFWFeKgs,Prospect Caught in Lie,"Aug 20, 2025",26,0
2026-05-03,EZscFWFeKgs,Prospect Caught in Lie,"Aug 20, 2025",26,0
2026-05-04,EZscFWFeKgs,Prospect Caught in Lie,"Aug 20, 2025",26,0
2026-05-05,EZscFWFeKgs,Prospect Caught in Lie,"Aug 20, 2025",26,0
2026-05-06,EZscFWFeKgs,Prospect Caught in Lie,"Aug 20, 2025",26,0
2026-05-07,EZscFWFeKgs,Prospect Caught in Lie,"Aug 20, 2025",26,0
2026-05-08,EZscFWFeKgs,Prospect Caught in Lie,"Aug 20, 2025",26,0
2026-05-09,EZscFWFeKgs,Prospect Caught in Lie,"Aug 20, 2025",26,0
2026-05-10,EZscFWFeKgs,Prospect Caught in Lie,"Aug 20, 2025",26,0
2026-05-11,EZscFWFeKgs,Prospect Caught in Lie,"Aug 20, 2025",26,0
2026-05-12,EZscFWFeKgs,Prospect Caught in Lie,"Aug 20, 2025",26,0
2026-05-13,EZscFWFeKgs,Prospect Caught in Lie,"Aug 20, 2025",26,0
2026-05-14,EZscFWFeKgs,Prospect Caught in Lie,"Aug 20, 2025",26,0
2026-05-15,EZscFWFeKgs,Prospect Caught in Lie,"Aug 20, 2025",26,0
2026-05-16,EZscFWFeKgs,Prospect Caught in Lie,"Aug 20, 2025",26,1
2026-05-17,EZscFWFeKgs,Prospect Caught in Lie,"Aug 20, 2025",26,0
2026-05-18,EZscFWFeKgs,Prospect Caught in Lie,"Aug 20, 2025",26,0
2026-05-19,EZscFWFeKgs,Prospect Caught in Lie,"Aug 20, 2025",26,0
2026-05-20,EZscFWFeKgs,Prospect Caught in Lie,"Aug 20, 2025",26,0
2026-05-21,EZscFWFeKgs,Prospect Caught in Lie,"Aug 20, 2025",26,0
2026-05-22,EZscFWFeKgs,Prospect Caught in Lie,"Aug 20, 2025",26,0
2026-05-23,EZscFWFeKgs,Prospect Caught in Lie,"Aug 20, 2025",26,0
2026-05-24,EZscFWFeKgs,Prospect Caught in Lie,"Aug 20, 2025",26,0
2026-05-25,EZscFWFeKgs,Prospect Caught in Lie,"Aug 20, 2025",26,0
2026-05-26,EZscFWFeKgs,Prospect Caught in Lie,"Aug 20, 2025",26,0
2026-05-27,EZscFWFeKgs,Prospect Caught in Lie,"Aug 20, 2025",26,0
2026-05-28,EZscFWFeKgs,Prospect Caught in Lie,"Aug 20, 2025",26,0
2026-05-29,EZscFWFeKgs,Prospect Caught in Lie,"Aug 20, 2025",26,0
2026-05-30,EZscFWFeKgs,Prospect Caught in Lie,"Aug 20, 2025",26,0
2026-05-31,EZscFWFeKgs,Prospect Caught in Lie,"Aug 20, 2025",26,0
2026-06-01,EZscFWFeKgs,Prospect Caught in Lie,"Aug 20, 2025",26,0
2026-06-02,EZscFWFeKgs,Prospect Caught in Lie,"Aug 20, 2025",26,0
2026-06-03,EZscFWFeKgs,Prospect Caught in Lie,"Aug 20, 2025",26,0
2026-06-04,EZscFWFeKgs,Prospect Caught in Lie,"Aug 20, 2025",26,0
2026-06-05,EZscFWFeKgs,Prospect Caught in Lie,"Aug 20, 2025",26,0
2026-06-06,EZscFWFeKgs,Prospect Caught in Lie,"Aug 20, 2025",26,0
2026-06-07,EZscFWFeKgs,Prospect Caught in Lie,"Aug 20, 2025",26,1
2026-06-08,EZscFWFeKgs,Prospect Caught in Lie,"Aug 20, 2025",26,1
2026-06-09,EZscFWFeKgs,Prospect Caught in Lie,"Aug 20, 2025",26,0
2026-06-10,EZscFWFeKgs,Prospect Caught in Lie,"Aug 20, 2025",26,0
2026-06-11,EZscFWFeKgs,Prospect Caught in Lie,"Aug 20, 2025",26,0
2026-06-12,EZscFWFeKgs,Prospect Caught in Lie,"Aug 20, 2025",26,0
2026-06-13,EZscFWFeKgs,Prospect Caught in Lie,"Aug 20, 2025",26,0
2026-06-14,EZscFWFeKgs,Prospect Caught in Lie,"Aug 20, 2025",26,0
2025-06-15,NSyNFcZRu_M,Paying Utilities is 100% a waste of Your Money,"Sep 10, 2025",17,0
2025-06-16,NSyNFcZRu_M,Paying Utilities is 100% a waste of Your Money,"Sep 10, 2025",17,0
2025-06-17,NSyNFcZRu_M,Paying Utilities is 100% a waste of Your Money,"Sep 10, 2025",17,0
2025-06-18,NSyNFcZRu_M,Paying Utilities is 100% a waste of Your Money,"Sep 10, 2025",17,0
2025-06-19,NSyNFcZRu_M,Paying Utilities is 100% a waste of Your Money,"Sep 10, 2025",17,0
2025-06-20,NSyNFcZRu_M,Paying Utilities is 100% a waste of Your Money,"Sep 10, 2025",17,0
2025-06-21,NSyNFcZRu_M,Paying Utilities is 100% a waste of Your Money,"Sep 10, 2025",17,0
2025-06-22,NSyNFcZRu_M,Paying Utilities is 100% a waste of Your Money,"Sep 10, 2025",17,0
2025-06-23,NSyNFcZRu_M,Paying Utilities is 100% a waste of Your Money,"Sep 10, 2025",17,0
2025-06-24,NSyNFcZRu_M,Paying Utilities is 100% a waste of Your Money,"Sep 10, 2025",17,0
2025-06-25,NSyNFcZRu_M,Paying Utilities is 100% a waste of Your Money,"Sep 10, 2025",17,0
2025-06-26,NSyNFcZRu_M,Paying Utilities is 100% a waste of Your Money,"Sep 10, 2025",17,0
2025-06-27,NSyNFcZRu_M,Paying Utilities is 100% a waste of Your Money,"Sep 10, 2025",17,0
2025-06-28,NSyNFcZRu_M,Paying Utilities is 100% a waste of Your Money,"Sep 10, 2025",17,0
2025-06-29,NSyNFcZRu_M,Paying Utilities is 100% a waste of Your Money,"Sep 10, 2025",17,0
2025-06-30,NSyNFcZRu_M,Paying Utilities is 100% a waste of Your Money,"Sep 10, 2025",17,0
2025-07-01,NSyNFcZRu_M,Paying Utilities is 100% a waste of Your Money,"Sep 10, 2025",17,0
2025-07-02,NSyNFcZRu_M,Paying Utilities is 100% a waste of Your Money,"Sep 10, 2025",17,0
2025-07-03,NSyNFcZRu_M,Paying Utilities is 100% a waste of Your Money,"Sep 10, 2025",17,0
2025-07-04,NSyNFcZRu_M,Paying Utilities is 100% a waste of Your Money,"Sep 10, 2025",17,0
2025-07-05,NSyNFcZRu_M,Paying Utilities is 100% a waste of Your Money,"Sep 10, 2025",17,0
2025-07-06,NSyNFcZRu_M,Paying Utilities is 100% a waste of Your Money,"Sep 10, 2025",17,0
2025-07-07,NSyNFcZRu_M,Paying Utilities is 100% a waste of Your Money,"Sep 10, 2025",17,0
2025-07-08,NSyNFcZRu_M,Paying Utilities is 100% a waste of Your Money,"Sep 10, 2025",17,0
2025-07-09,NSyNFcZRu_M,Paying Utilities is 100% a waste of Your Money,"Sep 10, 2025",17,0
2025-07-10,NSyNFcZRu_M,Paying Utilities is 100% a waste of Your Money,"Sep 10, 2025",17,0
2025-07-11,NSyNFcZRu_M,Paying Utilities is 100% a waste of Your Money,"Sep 10, 2025",17,0
2025-07-12,NSyNFcZRu_M,Paying Utilities is 100% a waste of Your Money,"Sep 10, 2025",17,0
2025-07-13,NSyNFcZRu_M,Paying Utilities is 100% a waste of Your Money,"Sep 10, 2025",17,0
2025-07-14,NSyNFcZRu_M,Paying Utilities is 100% a waste of Your Money,"Sep 10, 2025",17,0
2025-07-15,NSyNFcZRu_M,Paying Utilities is 100% a waste of Your Money,"Sep 10, 2025",17,0
2025-07-16,NSyNFcZRu_M,Paying Utilities is 100% a waste of Your Money,"Sep 10, 2025",17,0
2025-07-17,NSyNFcZRu_M,Paying Utilities is 100% a waste of Your Money,"Sep 10, 2025",17,0
2025-07-18,NSyNFcZRu_M,Paying Utilities is 100% a waste of Your Money,"Sep 10, 2025",17,0
2025-07-19,NSyNFcZRu_M,Paying Utilities is 100% a waste of Your Money,"Sep 10, 2025",17,0
2025-07-20,NSyNFcZRu_M,Paying Utilities is 100% a waste of Your Money,"Sep 10, 2025",17,0
2025-07-21,NSyNFcZRu_M,Paying Utilities is 100% a waste of Your Money,"Sep 10, 2025",17,0
2025-07-22,NSyNFcZRu_M,Paying Utilities is 100% a waste of Your Money,"Sep 10, 2025",17,0
2025-07-23,NSyNFcZRu_M,Paying Utilities is 100% a waste of Your Money,"Sep 10, 2025",17,0
2025-07-24,NSyNFcZRu_M,Paying Utilities is 100% a waste of Your Money,"Sep 10, 2025",17,0
2025-07-25,NSyNFcZRu_M,Paying Utilities is 100% a waste of Your Money,"Sep 10, 2025",17,0
2025-07-26,NSyNFcZRu_M,Paying Utilities is 100% a waste of Your Money,"Sep 10, 2025",17,0
2025-07-27,NSyNFcZRu_M,Paying Utilities is 100% a waste of Your Money,"Sep 10, 2025",17,0
2025-07-28,NSyNFcZRu_M,Paying Utilities is 100% a waste of Your Money,"Sep 10, 2025",17,0
2025-07-29,NSyNFcZRu_M,Paying Utilities is 100% a waste of Your Money,"Sep 10, 2025",17,0
2025-07-30,NSyNFcZRu_M,Paying Utilities is 100% a waste of Your Money,"Sep 10, 2025",17,0
2025-07-31,NSyNFcZRu_M,Paying Utilities is 100% a waste of Your Money,"Sep 10, 2025",17,0
2025-08-01,NSyNFcZRu_M,Paying Utilities is 100% a waste of Your Money,"Sep 10, 2025",17,0
2025-08-02,NSyNFcZRu_M,Paying Utilities is 100% a waste of Your Money,"Sep 10, 2025",17,0
2025-08-03,NSyNFcZRu_M,Paying Utilities is 100% a waste of Your Money,"Sep 10, 2025",17,0
2025-08-04,NSyNFcZRu_M,Paying Utilities is 100% a waste of Your Money,"Sep 10, 2025",17,0
2025-08-05,NSyNFcZRu_M,Paying Utilities is 100% a waste of Your Money,"Sep 10, 2025",17,0
2025-08-06,NSyNFcZRu_M,Paying Utilities is 100% a waste of Your Money,"Sep 10, 2025",17,0
2025-08-07,NSyNFcZRu_M,Paying Utilities is 100% a waste of Your Money,"Sep 10, 2025",17,0
2025-08-08,NSyNFcZRu_M,Paying Utilities is 100% a waste of Your Money,"Sep 10, 2025",17,0
2025-08-09,NSyNFcZRu_M,Paying Utilities is 100% a waste of Your Money,"Sep 10, 2025",17,0
2025-08-10,NSyNFcZRu_M,Paying Utilities is 100% a waste of Your Money,"Sep 10, 2025",17,0
2025-08-11,NSyNFcZRu_M,Paying Utilities is 100% a waste of Your Money,"Sep 10, 2025",17,0
2025-08-12,NSyNFcZRu_M,Paying Utilities is 100% a waste of Your Money,"Sep 10, 2025",17,0
2025-08-13,NSyNFcZRu_M,Paying Utilities is 100% a waste of Your Money,"Sep 10, 2025",17,0
2025-08-14,NSyNFcZRu_M,Paying Utilities is 100% a waste of Your Money,"Sep 10, 2025",17,0
2025-08-15,NSyNFcZRu_M,Paying Utilities is 100% a waste of Your Money,"Sep 10, 2025",17,0
2025-08-16,NSyNFcZRu_M,Paying Utilities is 100% a waste of Your Money,"Sep 10, 2025",17,0
2025-08-17,NSyNFcZRu_M,Paying Utilities is 100% a waste of Your Money,"Sep 10, 2025",17,0
2025-08-18,NSyNFcZRu_M,Paying Utilities is 100% a waste of Your Money,"Sep 10, 2025",17,0
2025-08-19,NSyNFcZRu_M,Paying Utilities is 100% a waste of Your Money,"Sep 10, 2025",17,0
2025-08-20,NSyNFcZRu_M,Paying Utilities is 100% a waste of Your Money,"Sep 10, 2025",17,0
2025-08-21,NSyNFcZRu_M,Paying Utilities is 100% a waste of Your Money,"Sep 10, 2025",17,0
2025-08-22,NSyNFcZRu_M,Paying Utilities is 100% a waste of Your Money,"Sep 10, 2025",17,0
2025-08-23,NSyNFcZRu_M,Paying Utilities is 100% a waste of Your Money,"Sep 10, 2025",17,0
2025-08-24,NSyNFcZRu_M,Paying Utilities is 100% a waste of Your Money,"Sep 10, 2025",17,0
2025-08-25,NSyNFcZRu_M,Paying Utilities is 100% a waste of Your Money,"Sep 10, 2025",17,0
2025-08-26,NSyNFcZRu_M,Paying Utilities is 100% a waste of Your Money,"Sep 10, 2025",17,0
2025-08-27,NSyNFcZRu_M,Paying Utilities is 100% a waste of Your Money,"Sep 10, 2025",17,0
2025-08-28,NSyNFcZRu_M,Paying Utilities is 100% a waste of Your Money,"Sep 10, 2025",17,0
2025-08-29,NSyNFcZRu_M,Paying Utilities is 100% a waste of Your Money,"Sep 10, 2025",17,0
2025-08-30,NSyNFcZRu_M,Paying Utilities is 100% a waste of Your Money,"Sep 10, 2025",17,0
2025-08-31,NSyNFcZRu_M,Paying Utilities is 100% a waste of Your Money,"Sep 10, 2025",17,0
2025-09-01,NSyNFcZRu_M,Paying Utilities is 100% a waste of Your Money,"Sep 10, 2025",17,0
2025-09-02,NSyNFcZRu_M,Paying Utilities is 100% a waste of Your Money,"Sep 10, 2025",17,0
2025-09-03,NSyNFcZRu_M,Paying Utilities is 100% a waste of Your Money,"Sep 10, 2025",17,0
2025-09-04,NSyNFcZRu_M,Paying Utilities is 100% a waste of Your Money,"Sep 10, 2025",17,0
2025-09-05,NSyNFcZRu_M,Paying Utilities is 100% a waste of Your Money,"Sep 10, 2025",17,0
2025-09-06,NSyNFcZRu_M,Paying Utilities is 100% a waste of Your Money,"Sep 10, 2025",17,0
2025-09-07,NSyNFcZRu_M,Paying Utilities is 100% a waste of Your Money,"Sep 10, 2025",17,0
2025-09-08,NSyNFcZRu_M,Paying Utilities is 100% a waste of Your Money,"Sep 10, 2025",17,0
2025-09-09,NSyNFcZRu_M,Paying Utilities is 100% a waste of Your Money,"Sep 10, 2025",17,0
2025-09-10,NSyNFcZRu_M,Paying Utilities is 100% a waste of Your Money,"Sep 10, 2025",17,519
2025-09-11,NSyNFcZRu_M,Paying Utilities is 100% a waste of Your Money,"Sep 10, 2025",17,2372
2025-09-12,NSyNFcZRu_M,Paying Utilities is 100% a waste of Your Money,"Sep 10, 2025",17,228
2025-09-13,NSyNFcZRu_M,Paying Utilities is 100% a waste of Your Money,"Sep 10, 2025",17,111
2025-09-14,NSyNFcZRu_M,Paying Utilities is 100% a waste of Your Money,"Sep 10, 2025",17,26
2025-09-15,NSyNFcZRu_M,Paying Utilities is 100% a waste of Your Money,"Sep 10, 2025",17,1
2025-09-16,NSyNFcZRu_M,Paying Utilities is 100% a waste of Your Money,"Sep 10, 2025",17,0
2025-09-17,NSyNFcZRu_M,Paying Utilities is 100% a waste of Your Money,"Sep 10, 2025",17,1
2025-09-18,NSyNFcZRu_M,Paying Utilities is 100% a waste of Your Money,"Sep 10, 2025",17,1
2025-09-19,NSyNFcZRu_M,Paying Utilities is 100% a waste of Your Money,"Sep 10, 2025",17,0
2025-09-20,NSyNFcZRu_M,Paying Utilities is 100% a waste of Your Money,"Sep 10, 2025",17,0
2025-09-21,NSyNFcZRu_M,Paying Utilities is 100% a waste of Your Money,"Sep 10, 2025",17,0
2025-09-22,NSyNFcZRu_M,Paying Utilities is 100% a waste of Your Money,"Sep 10, 2025",17,1
2025-09-23,NSyNFcZRu_M,Paying Utilities is 100% a waste of Your Money,"Sep 10, 2025",17,0
2025-09-24,NSyNFcZRu_M,Paying Utilities is 100% a waste of Your Money,"Sep 10, 2025",17,1
2025-09-25,NSyNFcZRu_M,Paying Utilities is 100% a waste of Your Money,"Sep 10, 2025",17,1
2025-09-26,NSyNFcZRu_M,Paying Utilities is 100% a waste of Your Money,"Sep 10, 2025",17,0
2025-09-27,NSyNFcZRu_M,Paying Utilities is 100% a waste of Your Money,"Sep 10, 2025",17,0
2025-09-28,NSyNFcZRu_M,Paying Utilities is 100% a waste of Your Money,"Sep 10, 2025",17,2
2025-09-29,NSyNFcZRu_M,Paying Utilities is 100% a waste of Your Money,"Sep 10, 2025",17,1
2025-09-30,NSyNFcZRu_M,Paying Utilities is 100% a waste of Your Money,"Sep 10, 2025",17,1
2025-10-01,NSyNFcZRu_M,Paying Utilities is 100% a waste of Your Money,"Sep 10, 2025",17,0
2025-10-02,NSyNFcZRu_M,Paying Utilities is 100% a waste of Your Money,"Sep 10, 2025",17,0
2025-10-03,NSyNFcZRu_M,Paying Utilities is 100% a waste of Your Money,"Sep 10, 2025",17,0
2025-10-04,NSyNFcZRu_M,Paying Utilities is 100% a waste of Your Money,"Sep 10, 2025",17,0
2025-10-05,NSyNFcZRu_M,Paying Utilities is 100% a waste of Your Money,"Sep 10, 2025",17,0
2025-10-06,NSyNFcZRu_M,Paying Utilities is 100% a waste of Your Money,"Sep 10, 2025",17,0
2025-10-07,NSyNFcZRu_M,Paying Utilities is 100% a waste of Your Money,"Sep 10, 2025",17,0
2025-10-08,NSyNFcZRu_M,Paying Utilities is 100% a waste of Your Money,"Sep 10, 2025",17,2
2025-10-09,NSyNFcZRu_M,Paying Utilities is 100% a waste of Your Money,"Sep 10, 2025",17,0
2025-10-10,NSyNFcZRu_M,Paying Utilities is 100% a waste of Your Money,"Sep 10, 2025",17,0
2025-10-11,NSyNFcZRu_M,Paying Utilities is 100% a waste of Your Money,"Sep 10, 2025",17,0
2025-10-12,NSyNFcZRu_M,Paying Utilities is 100% a waste of Your Money,"Sep 10, 2025",17,0
2025-10-13,NSyNFcZRu_M,Paying Utilities is 100% a waste of Your Money,"Sep 10, 2025",17,0
2025-10-14,NSyNFcZRu_M,Paying Utilities is 100% a waste of Your Money,"Sep 10, 2025",17,1
2025-10-15,NSyNFcZRu_M,Paying Utilities is 100% a waste of Your Money,"Sep 10, 2025",17,0
2025-10-16,NSyNFcZRu_M,Paying Utilities is 100% a waste of Your Money,"Sep 10, 2025",17,0
2025-10-17,NSyNFcZRu_M,Paying Utilities is 100% a waste of Your Money,"Sep 10, 2025",17,0
2025-10-18,NSyNFcZRu_M,Paying Utilities is 100% a waste of Your Money,"Sep 10, 2025",17,0
2025-10-19,NSyNFcZRu_M,Paying Utilities is 100% a waste of Your Money,"Sep 10, 2025",17,0
2025-10-20,NSyNFcZRu_M,Paying Utilities is 100% a waste of Your Money,"Sep 10, 2025",17,0
2025-10-21,NSyNFcZRu_M,Paying Utilities is 100% a waste of Your Money,"Sep 10, 2025",17,1
2025-10-22,NSyNFcZRu_M,Paying Utilities is 100% a waste of Your Money,"Sep 10, 2025",17,0
2025-10-23,NSyNFcZRu_M,Paying Utilities is 100% a waste of Your Money,"Sep 10, 2025",17,0
2025-10-24,NSyNFcZRu_M,Paying Utilities is 100% a waste of Your Money,"Sep 10, 2025",17,0
2025-10-25,NSyNFcZRu_M,Paying Utilities is 100% a waste of Your Money,"Sep 10, 2025",17,0
2025-10-26,NSyNFcZRu_M,Paying Utilities is 100% a waste of Your Money,"Sep 10, 2025",17,0
2025-10-27,NSyNFcZRu_M,Paying Utilities is 100% a waste of Your Money,"Sep 10, 2025",17,0
2025-10-28,NSyNFcZRu_M,Paying Utilities is 100% a waste of Your Money,"Sep 10, 2025",17,0
2025-10-29,NSyNFcZRu_M,Paying Utilities is 100% a waste of Your Money,"Sep 10, 2025",17,1
2025-10-30,NSyNFcZRu_M,Paying Utilities is 100% a waste of Your Money,"Sep 10, 2025",17,0
2025-10-31,NSyNFcZRu_M,Paying Utilities is 100% a waste of Your Money,"Sep 10, 2025",17,0
2025-11-01,NSyNFcZRu_M,Paying Utilities is 100% a waste of Your Money,"Sep 10, 2025",17,0
2025-11-02,NSyNFcZRu_M,Paying Utilities is 100% a waste of Your Money,"Sep 10, 2025",17,0
2025-11-03,NSyNFcZRu_M,Paying Utilities is 100% a waste of Your Money,"Sep 10, 2025",17,0
2025-11-04,NSyNFcZRu_M,Paying Utilities is 100% a waste of Your Money,"Sep 10, 2025",17,0
2025-11-05,NSyNFcZRu_M,Paying Utilities is 100% a waste of Your Money,"Sep 10, 2025",17,0
2025-11-06,NSyNFcZRu_M,Paying Utilities is 100% a waste of Your Money,"Sep 10, 2025",17,1
2025-11-07,NSyNFcZRu_M,Paying Utilities is 100% a waste of Your Money,"Sep 10, 2025",17,0
2025-11-08,NSyNFcZRu_M,Paying Utilities is 100% a waste of Your Money,"Sep 10, 2025",17,0
2025-11-09,NSyNFcZRu_M,Paying Utilities is 100% a waste of Your Money,"Sep 10, 2025",17,1
2025-11-10,NSyNFcZRu_M,Paying Utilities is 100% a waste of Your Money,"Sep 10, 2025",17,0
2025-11-11,NSyNFcZRu_M,Paying Utilities is 100% a waste of Your Money,"Sep 10, 2025",17,0
2025-11-12,NSyNFcZRu_M,Paying Utilities is 100% a waste of Your Money,"Sep 10, 2025",17,0
2025-11-13,NSyNFcZRu_M,Paying Utilities is 100% a waste of Your Money,"Sep 10, 2025",17,1
2025-11-14,NSyNFcZRu_M,Paying Utilities is 100% a waste of Your Money,"Sep 10, 2025",17,0
2025-11-15,NSyNFcZRu_M,Paying Utilities is 100% a waste of Your Money,"Sep 10, 2025",17,0
2025-11-16,NSyNFcZRu_M,Paying Utilities is 100% a waste of Your Money,"Sep 10, 2025",17,0
2025-11-17,NSyNFcZRu_M,Paying Utilities is 100% a waste of Your Money,"Sep 10, 2025",17,0
2025-11-18,NSyNFcZRu_M,Paying Utilities is 100% a waste of Your Money,"Sep 10, 2025",17,0
2025-11-19,NSyNFcZRu_M,Paying Utilities is 100% a waste of Your Money,"Sep 10, 2025",17,1
2025-11-20,NSyNFcZRu_M,Paying Utilities is 100% a waste of Your Money,"Sep 10, 2025",17,0
2025-11-21,NSyNFcZRu_M,Paying Utilities is 100% a waste of Your Money,"Sep 10, 2025",17,0
2025-11-22,NSyNFcZRu_M,Paying Utilities is 100% a waste of Your Money,"Sep 10, 2025",17,0
2025-11-23,NSyNFcZRu_M,Paying Utilities is 100% a waste of Your Money,"Sep 10, 2025",17,0
2025-11-24,NSyNFcZRu_M,Paying Utilities is 100% a waste of Your Money,"Sep 10, 2025",17,0
2025-11-25,NSyNFcZRu_M,Paying Utilities is 100% a waste of Your Money,"Sep 10, 2025",17,0
2025-11-26,NSyNFcZRu_M,Paying Utilities is 100% a waste of Your Money,"Sep 10, 2025",17,0
2025-11-27,NSyNFcZRu_M,Paying Utilities is 100% a waste of Your Money,"Sep 10, 2025",17,0
2025-11-28,NSyNFcZRu_M,Paying Utilities is 100% a waste of Your Money,"Sep 10, 2025",17,0
2025-11-29,NSyNFcZRu_M,Paying Utilities is 100% a waste of Your Money,"Sep 10, 2025",17,0
2025-11-30,NSyNFcZRu_M,Paying Utilities is 100% a waste of Your Money,"Sep 10, 2025",17,0
2025-12-01,NSyNFcZRu_M,Paying Utilities is 100% a waste of Your Money,"Sep 10, 2025",17,0
2025-12-02,NSyNFcZRu_M,Paying Utilities is 100% a waste of Your Money,"Sep 10, 2025",17,0
2025-12-03,NSyNFcZRu_M,Paying Utilities is 100% a waste of Your Money,"Sep 10, 2025",17,0
2025-12-04,NSyNFcZRu_M,Paying Utilities is 100% a waste of Your Money,"Sep 10, 2025",17,0
2025-12-05,NSyNFcZRu_M,Paying Utilities is 100% a waste of Your Money,"Sep 10, 2025",17,1
2025-12-06,NSyNFcZRu_M,Paying Utilities is 100% a waste of Your Money,"Sep 10, 2025",17,0
2025-12-07,NSyNFcZRu_M,Paying Utilities is 100% a waste of Your Money,"Sep 10, 2025",17,0
2025-12-08,NSyNFcZRu_M,Paying Utilities is 100% a waste of Your Money,"Sep 10, 2025",17,0
2025-12-09,NSyNFcZRu_M,Paying Utilities is 100% a waste of Your Money,"Sep 10, 2025",17,0
2025-12-10,NSyNFcZRu_M,Paying Utilities is 100% a waste of Your Money,"Sep 10, 2025",17,0
2025-12-11,NSyNFcZRu_M,Paying Utilities is 100% a waste of Your Money,"Sep 10, 2025",17,0
2025-12-12,NSyNFcZRu_M,Paying Utilities is 100% a waste of Your Money,"Sep 10, 2025",17,0
2025-12-13,NSyNFcZRu_M,Paying Utilities is 100% a waste of Your Money,"Sep 10, 2025",17,0
2025-12-14,NSyNFcZRu_M,Paying Utilities is 100% a waste of Your Money,"Sep 10, 2025",17,0
2025-12-15,NSyNFcZRu_M,Paying Utilities is 100% a waste of Your Money,"Sep 10, 2025",17,0
2025-12-16,NSyNFcZRu_M,Paying Utilities is 100% a waste of Your Money,"Sep 10, 2025",17,0
2025-12-17,NSyNFcZRu_M,Paying Utilities is 100% a waste of Your Money,"Sep 10, 2025",17,0
2025-12-18,NSyNFcZRu_M,Paying Utilities is 100% a waste of Your Money,"Sep 10, 2025",17,0
2025-12-19,NSyNFcZRu_M,Paying Utilities is 100% a waste of Your Money,"Sep 10, 2025",17,0
2025-12-20,NSyNFcZRu_M,Paying Utilities is 100% a waste of Your Money,"Sep 10, 2025",17,0
2025-12-21,NSyNFcZRu_M,Paying Utilities is 100% a waste of Your Money,"Sep 10, 2025",17,1
2025-12-22,NSyNFcZRu_M,Paying Utilities is 100% a waste of Your Money,"Sep 10, 2025",17,0
2025-12-23,NSyNFcZRu_M,Paying Utilities is 100% a waste of Your Money,"Sep 10, 2025",17,0
2025-12-24,NSyNFcZRu_M,Paying Utilities is 100% a waste of Your Money,"Sep 10, 2025",17,0
2025-12-25,NSyNFcZRu_M,Paying Utilities is 100% a waste of Your Money,"Sep 10, 2025",17,0
2025-12-26,NSyNFcZRu_M,Paying Utilities is 100% a waste of Your Money,"Sep 10, 2025",17,0
2025-12-27,NSyNFcZRu_M,Paying Utilities is 100% a waste of Your Money,"Sep 10, 2025",17,0
2025-12-28,NSyNFcZRu_M,Paying Utilities is 100% a waste of Your Money,"Sep 10, 2025",17,0
2025-12-29,NSyNFcZRu_M,Paying Utilities is 100% a waste of Your Money,"Sep 10, 2025",17,0
2025-12-30,NSyNFcZRu_M,Paying Utilities is 100% a waste of Your Money,"Sep 10, 2025",17,1
2025-12-31,NSyNFcZRu_M,Paying Utilities is 100% a waste of Your Money,"Sep 10, 2025",17,0
2026-01-01,NSyNFcZRu_M,Paying Utilities is 100% a waste of Your Money,"Sep 10, 2025",17,0
2026-01-02,NSyNFcZRu_M,Paying Utilities is 100% a waste of Your Money,"Sep 10, 2025",17,0
2026-01-03,NSyNFcZRu_M,Paying Utilities is 100% a waste of Your Money,"Sep 10, 2025",17,1
2026-01-04,NSyNFcZRu_M,Paying Utilities is 100% a waste of Your Money,"Sep 10, 2025",17,0
2026-01-05,NSyNFcZRu_M,Paying Utilities is 100% a waste of Your Money,"Sep 10, 2025",17,0
2026-01-06,NSyNFcZRu_M,Paying Utilities is 100% a waste of Your Money,"Sep 10, 2025",17,0
2026-01-07,NSyNFcZRu_M,Paying Utilities is 100% a waste of Your Money,"Sep 10, 2025",17,1
2026-01-08,NSyNFcZRu_M,Paying Utilities is 100% a waste of Your Money,"Sep 10, 2025",17,1
2026-01-09,NSyNFcZRu_M,Paying Utilities is 100% a waste of Your Money,"Sep 10, 2025",17,0
2026-01-10,NSyNFcZRu_M,Paying Utilities is 100% a waste of Your Money,"Sep 10, 2025",17,0
2026-01-11,NSyNFcZRu_M,Paying Utilities is 100% a waste of Your Money,"Sep 10, 2025",17,0
2026-01-12,NSyNFcZRu_M,Paying Utilities is 100% a waste of Your Money,"Sep 10, 2025",17,0
2026-01-13,NSyNFcZRu_M,Paying Utilities is 100% a waste of Your Money,"Sep 10, 2025",17,1
2026-01-14,NSyNFcZRu_M,Paying Utilities is 100% a waste of Your Money,"Sep 10, 2025",17,0
2026-01-15,NSyNFcZRu_M,Paying Utilities is 100% a waste of Your Money,"Sep 10, 2025",17,1
2026-01-16,NSyNFcZRu_M,Paying Utilities is 100% a waste of Your Money,"Sep 10, 2025",17,1
2026-01-17,NSyNFcZRu_M,Paying Utilities is 100% a waste of Your Money,"Sep 10, 2025",17,0
2026-01-18,NSyNFcZRu_M,Paying Utilities is 100% a waste of Your Money,"Sep 10, 2025",17,2
2026-01-19,NSyNFcZRu_M,Paying Utilities is 100% a waste of Your Money,"Sep 10, 2025",17,0
2026-01-20,NSyNFcZRu_M,Paying Utilities is 100% a waste of Your Money,"Sep 10, 2025",17,0
2026-01-21,NSyNFcZRu_M,Paying Utilities is 100% a waste of Your Money,"Sep 10, 2025",17,0
2026-01-22,NSyNFcZRu_M,Paying Utilities is 100% a waste of Your Money,"Sep 10, 2025",17,0
2026-01-23,NSyNFcZRu_M,Paying Utilities is 100% a waste of Your Money,"Sep 10, 2025",17,0
2026-01-24,NSyNFcZRu_M,Paying Utilities is 100% a waste of Your Money,"Sep 10, 2025",17,0
2026-01-25,NSyNFcZRu_M,Paying Utilities is 100% a waste of Your Money,"Sep 10, 2025",17,0
2026-01-26,NSyNFcZRu_M,Paying Utilities is 100% a waste of Your Money,"Sep 10, 2025",17,0
2026-01-27,NSyNFcZRu_M,Paying Utilities is 100% a waste of Your Money,"Sep 10, 2025",17,0
2026-01-28,NSyNFcZRu_M,Paying Utilities is 100% a waste of Your Money,"Sep 10, 2025",17,0
2026-01-29,NSyNFcZRu_M,Paying Utilities is 100% a waste of Your Money,"Sep 10, 2025",17,0
2026-01-30,NSyNFcZRu_M,Paying Utilities is 100% a waste of Your Money,"Sep 10, 2025",17,0
2026-01-31,NSyNFcZRu_M,Paying Utilities is 100% a waste of Your Money,"Sep 10, 2025",17,0
2026-02-01,NSyNFcZRu_M,Paying Utilities is 100% a waste of Your Money,"Sep 10, 2025",17,0
2026-02-02,NSyNFcZRu_M,Paying Utilities is 100% a waste of Your Money,"Sep 10, 2025",17,0
2026-02-03,NSyNFcZRu_M,Paying Utilities is 100% a waste of Your Money,"Sep 10, 2025",17,1
2026-02-04,NSyNFcZRu_M,Paying Utilities is 100% a waste of Your Money,"Sep 10, 2025",17,0
2026-02-05,NSyNFcZRu_M,Paying Utilities is 100% a waste of Your Money,"Sep 10, 2025",17,0
2026-02-06,NSyNFcZRu_M,Paying Utilities is 100% a waste of Your Money,"Sep 10, 2025",17,0
2026-02-07,NSyNFcZRu_M,Paying Utilities is 100% a waste of Your Money,"Sep 10, 2025",17,0
2026-02-08,NSyNFcZRu_M,Paying Utilities is 100% a waste of Your Money,"Sep 10, 2025",17,0
2026-02-09,NSyNFcZRu_M,Paying Utilities is 100% a waste of Your Money,"Sep 10, 2025",17,1
2026-02-10,NSyNFcZRu_M,Paying Utilities is 100% a waste of Your Money,"Sep 10, 2025",17,0
2026-02-11,NSyNFcZRu_M,Paying Utilities is 100% a waste of Your Money,"Sep 10, 2025",17,0
2026-02-12,NSyNFcZRu_M,Paying Utilities is 100% a waste of Your Money,"Sep 10, 2025",17,0
2026-02-13,NSyNFcZRu_M,Paying Utilities is 100% a waste of Your Money,"Sep 10, 2025",17,0
2026-02-14,NSyNFcZRu_M,Paying Utilities is 100% a waste of Your Money,"Sep 10, 2025",17,0
2026-02-15,NSyNFcZRu_M,Paying Utilities is 100% a waste of Your Money,"Sep 10, 2025",17,0
2026-02-16,NSyNFcZRu_M,Paying Utilities is 100% a waste of Your Money,"Sep 10, 2025",17,0
2026-02-17,NSyNFcZRu_M,Paying Utilities is 100% a waste of Your Money,"Sep 10, 2025",17,1
2026-02-18,NSyNFcZRu_M,Paying Utilities is 100% a waste of Your Money,"Sep 10, 2025",17,0
2026-02-19,NSyNFcZRu_M,Paying Utilities is 100% a waste of Your Money,"Sep 10, 2025",17,0
2026-02-20,NSyNFcZRu_M,Paying Utilities is 100% a waste of Your Money,"Sep 10, 2025",17,0
2026-02-21,NSyNFcZRu_M,Paying Utilities is 100% a waste of Your Money,"Sep 10, 2025",17,0
2026-02-22,NSyNFcZRu_M,Paying Utilities is 100% a waste of Your Money,"Sep 10, 2025",17,0
2026-02-23,NSyNFcZRu_M,Paying Utilities is 100% a waste of Your Money,"Sep 10, 2025",17,0
2026-02-24,NSyNFcZRu_M,Paying Utilities is 100% a waste of Your Money,"Sep 10, 2025",17,0
2026-02-25,NSyNFcZRu_M,Paying Utilities is 100% a waste of Your Money,"Sep 10, 2025",17,0
2026-02-26,NSyNFcZRu_M,Paying Utilities is 100% a waste of Your Money,"Sep 10, 2025",17,0
2026-02-27,NSyNFcZRu_M,Paying Utilities is 100% a waste of Your Money,"Sep 10, 2025",17,0
2026-02-28,NSyNFcZRu_M,Paying Utilities is 100% a waste of Your Money,"Sep 10, 2025",17,0
2026-03-01,NSyNFcZRu_M,Paying Utilities is 100% a waste of Your Money,"Sep 10, 2025",17,0
2026-03-02,NSyNFcZRu_M,Paying Utilities is 100% a waste of Your Money,"Sep 10, 2025",17,0
2026-03-03,NSyNFcZRu_M,Paying Utilities is 100% a waste of Your Money,"Sep 10, 2025",17,0
2026-03-04,NSyNFcZRu_M,Paying Utilities is 100% a waste of Your Money,"Sep 10, 2025",17,0
2026-03-05,NSyNFcZRu_M,Paying Utilities is 100% a waste of Your Money,"Sep 10, 2025",17,0
2026-03-06,NSyNFcZRu_M,Paying Utilities is 100% a waste of Your Money,"Sep 10, 2025",17,0
2026-03-07,NSyNFcZRu_M,Paying Utilities is 100% a waste of Your Money,"Sep 10, 2025",17,0
2026-03-08,NSyNFcZRu_M,Paying Utilities is 100% a waste of Your Money,"Sep 10, 2025",17,0
2026-03-09,NSyNFcZRu_M,Paying Utilities is 100% a waste of Your Money,"Sep 10, 2025",17,0
2026-03-10,NSyNFcZRu_M,Paying Utilities is 100% a waste of Your Money,"Sep 10, 2025",17,0
2026-03-11,NSyNFcZRu_M,Paying Utilities is 100% a waste of Your Money,"Sep 10, 2025",17,0
2026-03-12,NSyNFcZRu_M,Paying Utilities is 100% a waste of Your Money,"Sep 10, 2025",17,0
2026-03-13,NSyNFcZRu_M,Paying Utilities is 100% a waste of Your Money,"Sep 10, 2025",17,0
2026-03-14,NSyNFcZRu_M,Paying Utilities is 100% a waste of Your Money,"Sep 10, 2025",17,0
2026-03-15,NSyNFcZRu_M,Paying Utilities is 100% a waste of Your Money,"Sep 10, 2025",17,0
2026-03-16,NSyNFcZRu_M,Paying Utilities is 100% a waste of Your Money,"Sep 10, 2025",17,0
2026-03-17,NSyNFcZRu_M,Paying Utilities is 100% a waste of Your Money,"Sep 10, 2025",17,0
2026-03-18,NSyNFcZRu_M,Paying Utilities is 100% a waste of Your Money,"Sep 10, 2025",17,0
2026-03-19,NSyNFcZRu_M,Paying Utilities is 100% a waste of Your Money,"Sep 10, 2025",17,0
2026-03-20,NSyNFcZRu_M,Paying Utilities is 100% a waste of Your Money,"Sep 10, 2025",17,0
2026-03-21,NSyNFcZRu_M,Paying Utilities is 100% a waste of Your Money,"Sep 10, 2025",17,1
2026-03-22,NSyNFcZRu_M,Paying Utilities is 100% a waste of Your Money,"Sep 10, 2025",17,1
2026-03-23,NSyNFcZRu_M,Paying Utilities is 100% a waste of Your Money,"Sep 10, 2025",17,0
2026-03-24,NSyNFcZRu_M,Paying Utilities is 100% a waste of Your Money,"Sep 10, 2025",17,1
2026-03-25,NSyNFcZRu_M,Paying Utilities is 100% a waste of Your Money,"Sep 10, 2025",17,0
2026-03-26,NSyNFcZRu_M,Paying Utilities is 100% a waste of Your Money,"Sep 10, 2025",17,0
2026-03-27,NSyNFcZRu_M,Paying Utilities is 100% a waste of Your Money,"Sep 10, 2025",17,0
2026-03-28,NSyNFcZRu_M,Paying Utilities is 100% a waste of Your Money,"Sep 10, 2025",17,0
2026-03-29,NSyNFcZRu_M,Paying Utilities is 100% a waste of Your Money,"Sep 10, 2025",17,1
2026-03-30,NSyNFcZRu_M,Paying Utilities is 100% a waste of Your Money,"Sep 10, 2025",17,1
2026-03-31,NSyNFcZRu_M,Paying Utilities is 100% a waste of Your Money,"Sep 10, 2025",17,0
2026-04-01,NSyNFcZRu_M,Paying Utilities is 100% a waste of Your Money,"Sep 10, 2025",17,0
2026-04-02,NSyNFcZRu_M,Paying Utilities is 100% a waste of Your Money,"Sep 10, 2025",17,0
2026-04-03,NSyNFcZRu_M,Paying Utilities is 100% a waste of Your Money,"Sep 10, 2025",17,0
2026-04-04,NSyNFcZRu_M,Paying Utilities is 100% a waste of Your Money,"Sep 10, 2025",17,0
2026-04-05,NSyNFcZRu_M,Paying Utilities is 100% a waste of Your Money,"Sep 10, 2025",17,1
2026-04-06,NSyNFcZRu_M,Paying Utilities is 100% a waste of Your Money,"Sep 10, 2025",17,0
2026-04-07,NSyNFcZRu_M,Paying Utilities is 100% a waste of Your Money,"Sep 10, 2025",17,0
2026-04-08,NSyNFcZRu_M,Paying Utilities is 100% a waste of Your Money,"Sep 10, 2025",17,0
2026-04-09,NSyNFcZRu_M,Paying Utilities is 100% a waste of Your Money,"Sep 10, 2025",17,1
2026-04-10,NSyNFcZRu_M,Paying Utilities is 100% a waste of Your Money,"Sep 10, 2025",17,0
2026-04-11,NSyNFcZRu_M,Paying Utilities is 100% a waste of Your Money,"Sep 10, 2025",17,0
2026-04-12,NSyNFcZRu_M,Paying Utilities is 100% a waste of Your Money,"Sep 10, 2025",17,0
2026-04-13,NSyNFcZRu_M,Paying Utilities is 100% a waste of Your Money,"Sep 10, 2025",17,0
2026-04-14,NSyNFcZRu_M,Paying Utilities is 100% a waste of Your Money,"Sep 10, 2025",17,0
2026-04-15,NSyNFcZRu_M,Paying Utilities is 100% a waste of Your Money,"Sep 10, 2025",17,0
2026-04-16,NSyNFcZRu_M,Paying Utilities is 100% a waste of Your Money,"Sep 10, 2025",17,0
2026-04-17,NSyNFcZRu_M,Paying Utilities is 100% a waste of Your Money,"Sep 10, 2025",17,0
2026-04-18,NSyNFcZRu_M,Paying Utilities is 100% a waste of Your Money,"Sep 10, 2025",17,0
2026-04-19,NSyNFcZRu_M,Paying Utilities is 100% a waste of Your Money,"Sep 10, 2025",17,0
2026-04-20,NSyNFcZRu_M,Paying Utilities is 100% a waste of Your Money,"Sep 10, 2025",17,0
2026-04-21,NSyNFcZRu_M,Paying Utilities is 100% a waste of Your Money,"Sep 10, 2025",17,0
2026-04-22,NSyNFcZRu_M,Paying Utilities is 100% a waste of Your Money,"Sep 10, 2025",17,0
2026-04-23,NSyNFcZRu_M,Paying Utilities is 100% a waste of Your Money,"Sep 10, 2025",17,0
2026-04-24,NSyNFcZRu_M,Paying Utilities is 100% a waste of Your Money,"Sep 10, 2025",17,0
2026-04-25,NSyNFcZRu_M,Paying Utilities is 100% a waste of Your Money,"Sep 10, 2025",17,0
2026-04-26,NSyNFcZRu_M,Paying Utilities is 100% a waste of Your Money,"Sep 10, 2025",17,0
2026-04-27,NSyNFcZRu_M,Paying Utilities is 100% a waste of Your Money,"Sep 10, 2025",17,1
2026-04-28,NSyNFcZRu_M,Paying Utilities is 100% a waste of Your Money,"Sep 10, 2025",17,0
2026-04-29,NSyNFcZRu_M,Paying Utilities is 100% a waste of Your Money,"Sep 10, 2025",17,0
2026-04-30,NSyNFcZRu_M,Paying Utilities is 100% a waste of Your Money,"Sep 10, 2025",17,0
2026-05-01,NSyNFcZRu_M,Paying Utilities is 100% a waste of Your Money,"Sep 10, 2025",17,0
2026-05-02,NSyNFcZRu_M,Paying Utilities is 100% a waste of Your Money,"Sep 10, 2025",17,0
2026-05-03,NSyNFcZRu_M,Paying Utilities is 100% a waste of Your Money,"Sep 10, 2025",17,0
2026-05-04,NSyNFcZRu_M,Paying Utilities is 100% a waste of Your Money,"Sep 10, 2025",17,0
2026-05-05,NSyNFcZRu_M,Paying Utilities is 100% a waste of Your Money,"Sep 10, 2025",17,0
2026-05-06,NSyNFcZRu_M,Paying Utilities is 100% a waste of Your Money,"Sep 10, 2025",17,0
2026-05-07,NSyNFcZRu_M,Paying Utilities is 100% a waste of Your Money,"Sep 10, 2025",17,1
2026-05-08,NSyNFcZRu_M,Paying Utilities is 100% a waste of Your Money,"Sep 10, 2025",17,0
2026-05-09,NSyNFcZRu_M,Paying Utilities is 100% a waste of Your Money,"Sep 10, 2025",17,0
2026-05-10,NSyNFcZRu_M,Paying Utilities is 100% a waste of Your Money,"Sep 10, 2025",17,0
2026-05-11,NSyNFcZRu_M,Paying Utilities is 100% a waste of Your Money,"Sep 10, 2025",17,0
2026-05-12,NSyNFcZRu_M,Paying Utilities is 100% a waste of Your Money,"Sep 10, 2025",17,1
2026-05-13,NSyNFcZRu_M,Paying Utilities is 100% a waste of Your Money,"Sep 10, 2025",17,0
2026-05-14,NSyNFcZRu_M,Paying Utilities is 100% a waste of Your Money,"Sep 10, 2025",17,0
2026-05-15,NSyNFcZRu_M,Paying Utilities is 100% a waste of Your Money,"Sep 10, 2025",17,1
2026-05-16,NSyNFcZRu_M,Paying Utilities is 100% a waste of Your Money,"Sep 10, 2025",17,0
2026-05-17,NSyNFcZRu_M,Paying Utilities is 100% a waste of Your Money,"Sep 10, 2025",17,0
2026-05-18,NSyNFcZRu_M,Paying Utilities is 100% a waste of Your Money,"Sep 10, 2025",17,0
2026-05-19,NSyNFcZRu_M,Paying Utilities is 100% a waste of Your Money,"Sep 10, 2025",17,0
2026-05-20,NSyNFcZRu_M,Paying Utilities is 100% a waste of Your Money,"Sep 10, 2025",17,0
2026-05-21,NSyNFcZRu_M,Paying Utilities is 100% a waste of Your Money,"Sep 10, 2025",17,0
2026-05-22,NSyNFcZRu_M,Paying Utilities is 100% a waste of Your Money,"Sep 10, 2025",17,0
2026-05-23,NSyNFcZRu_M,Paying Utilities is 100% a waste of Your Money,"Sep 10, 2025",17,0
2026-05-24,NSyNFcZRu_M,Paying Utilities is 100% a waste of Your Money,"Sep 10, 2025",17,0
2026-05-25,NSyNFcZRu_M,Paying Utilities is 100% a waste of Your Money,"Sep 10, 2025",17,0
2026-05-26,NSyNFcZRu_M,Paying Utilities is 100% a waste of Your Money,"Sep 10, 2025",17,0
2026-05-27,NSyNFcZRu_M,Paying Utilities is 100% a waste of Your Money,"Sep 10, 2025",17,0
2026-05-28,NSyNFcZRu_M,Paying Utilities is 100% a waste of Your Money,"Sep 10, 2025",17,0
2026-05-29,NSyNFcZRu_M,Paying Utilities is 100% a waste of Your Money,"Sep 10, 2025",17,0
2026-05-30,NSyNFcZRu_M,Paying Utilities is 100% a waste of Your Money,"Sep 10, 2025",17,0
2026-05-31,NSyNFcZRu_M,Paying Utilities is 100% a waste of Your Money,"Sep 10, 2025",17,0
2026-06-01,NSyNFcZRu_M,Paying Utilities is 100% a waste of Your Money,"Sep 10, 2025",17,0
2026-06-02,NSyNFcZRu_M,Paying Utilities is 100% a waste of Your Money,"Sep 10, 2025",17,0
2026-06-03,NSyNFcZRu_M,Paying Utilities is 100% a waste of Your Money,"Sep 10, 2025",17,0
2026-06-04,NSyNFcZRu_M,Paying Utilities is 100% a waste of Your Money,"Sep 10, 2025",17,0
2026-06-05,NSyNFcZRu_M,Paying Utilities is 100% a waste of Your Money,"Sep 10, 2025",17,0
2026-06-06,NSyNFcZRu_M,Paying Utilities is 100% a waste of Your Money,"Sep 10, 2025",17,0
2026-06-07,NSyNFcZRu_M,Paying Utilities is 100% a waste of Your Money,"Sep 10, 2025",17,1
2026-06-08,NSyNFcZRu_M,Paying Utilities is 100% a waste of Your Money,"Sep 10, 2025",17,2
2026-06-09,NSyNFcZRu_M,Paying Utilities is 100% a waste of Your Money,"Sep 10, 2025",17,0
2026-06-10,NSyNFcZRu_M,Paying Utilities is 100% a waste of Your Money,"Sep 10, 2025",17,0
2026-06-11,NSyNFcZRu_M,Paying Utilities is 100% a waste of Your Money,"Sep 10, 2025",17,0
2026-06-12,NSyNFcZRu_M,Paying Utilities is 100% a waste of Your Money,"Sep 10, 2025",17,0
2026-06-13,NSyNFcZRu_M,Paying Utilities is 100% a waste of Your Money,"Sep 10, 2025",17,0
2026-06-14,NSyNFcZRu_M,Paying Utilities is 100% a waste of Your Money,"Sep 10, 2025",17,0
2025-06-15,hNUCZ3k_IFg,100M Offers by Alex Hormozi: Best Takeaways #booksummary #selfhelp #alexhormozi #nicknascimento,"Dec 17, 2022",47,3
2025-06-16,hNUCZ3k_IFg,100M Offers by Alex Hormozi: Best Takeaways #booksummary #selfhelp #alexhormozi #nicknascimento,"Dec 17, 2022",47,0
2025-06-17,hNUCZ3k_IFg,100M Offers by Alex Hormozi: Best Takeaways #booksummary #selfhelp #alexhormozi #nicknascimento,"Dec 17, 2022",47,2
2025-06-18,hNUCZ3k_IFg,100M Offers by Alex Hormozi: Best Takeaways #booksummary #selfhelp #alexhormozi #nicknascimento,"Dec 17, 2022",47,1
2025-06-19,hNUCZ3k_IFg,100M Offers by Alex Hormozi: Best Takeaways #booksummary #selfhelp #alexhormozi #nicknascimento,"Dec 17, 2022",47,0
2025-06-20,hNUCZ3k_IFg,100M Offers by Alex Hormozi: Best Takeaways #booksummary #selfhelp #alexhormozi #nicknascimento,"Dec 17, 2022",47,2
2025-06-21,hNUCZ3k_IFg,100M Offers by Alex Hormozi: Best Takeaways #booksummary #selfhelp #alexhormozi #nicknascimento,"Dec 17, 2022",47,0
2025-06-22,hNUCZ3k_IFg,100M Offers by Alex Hormozi: Best Takeaways #booksummary #selfhelp #alexhormozi #nicknascimento,"Dec 17, 2022",47,0
2025-06-23,hNUCZ3k_IFg,100M Offers by Alex Hormozi: Best Takeaways #booksummary #selfhelp #alexhormozi #nicknascimento,"Dec 17, 2022",47,3
2025-06-24,hNUCZ3k_IFg,100M Offers by Alex Hormozi: Best Takeaways #booksummary #selfhelp #alexhormozi #nicknascimento,"Dec 17, 2022",47,1
2025-06-25,hNUCZ3k_IFg,100M Offers by Alex Hormozi: Best Takeaways #booksummary #selfhelp #alexhormozi #nicknascimento,"Dec 17, 2022",47,2
2025-06-26,hNUCZ3k_IFg,100M Offers by Alex Hormozi: Best Takeaways #booksummary #selfhelp #alexhormozi #nicknascimento,"Dec 17, 2022",47,1
2025-06-27,hNUCZ3k_IFg,100M Offers by Alex Hormozi: Best Takeaways #booksummary #selfhelp #alexhormozi #nicknascimento,"Dec 17, 2022",47,4
2025-06-28,hNUCZ3k_IFg,100M Offers by Alex Hormozi: Best Takeaways #booksummary #selfhelp #alexhormozi #nicknascimento,"Dec 17, 2022",47,1
2025-06-29,hNUCZ3k_IFg,100M Offers by Alex Hormozi: Best Takeaways #booksummary #selfhelp #alexhormozi #nicknascimento,"Dec 17, 2022",47,0
2025-06-30,hNUCZ3k_IFg,100M Offers by Alex Hormozi: Best Takeaways #booksummary #selfhelp #alexhormozi #nicknascimento,"Dec 17, 2022",47,0
2025-07-01,hNUCZ3k_IFg,100M Offers by Alex Hormozi: Best Takeaways #booksummary #selfhelp #alexhormozi #nicknascimento,"Dec 17, 2022",47,2
2025-07-02,hNUCZ3k_IFg,100M Offers by Alex Hormozi: Best Takeaways #booksummary #selfhelp #alexhormozi #nicknascimento,"Dec 17, 2022",47,3
2025-07-03,hNUCZ3k_IFg,100M Offers by Alex Hormozi: Best Takeaways #booksummary #selfhelp #alexhormozi #nicknascimento,"Dec 17, 2022",47,0
2025-07-04,hNUCZ3k_IFg,100M Offers by Alex Hormozi: Best Takeaways #booksummary #selfhelp #alexhormozi #nicknascimento,"Dec 17, 2022",47,2
2025-07-05,hNUCZ3k_IFg,100M Offers by Alex Hormozi: Best Takeaways #booksummary #selfhelp #alexhormozi #nicknascimento,"Dec 17, 2022",47,1
2025-07-06,hNUCZ3k_IFg,100M Offers by Alex Hormozi: Best Takeaways #booksummary #selfhelp #alexhormozi #nicknascimento,"Dec 17, 2022",47,0
2025-07-07,hNUCZ3k_IFg,100M Offers by Alex Hormozi: Best Takeaways #booksummary #selfhelp #alexhormozi #nicknascimento,"Dec 17, 2022",47,2
2025-07-08,hNUCZ3k_IFg,100M Offers by Alex Hormozi: Best Takeaways #booksummary #selfhelp #alexhormozi #nicknascimento,"Dec 17, 2022",47,0
2025-07-09,hNUCZ3k_IFg,100M Offers by Alex Hormozi: Best Takeaways #booksummary #selfhelp #alexhormozi #nicknascimento,"Dec 17, 2022",47,0
2025-07-10,hNUCZ3k_IFg,100M Offers by Alex Hormozi: Best Takeaways #booksummary #selfhelp #alexhormozi #nicknascimento,"Dec 17, 2022",47,3
2025-07-11,hNUCZ3k_IFg,100M Offers by Alex Hormozi: Best Takeaways #booksummary #selfhelp #alexhormozi #nicknascimento,"Dec 17, 2022",47,1
2025-07-12,hNUCZ3k_IFg,100M Offers by Alex Hormozi: Best Takeaways #booksummary #selfhelp #alexhormozi #nicknascimento,"Dec 17, 2022",47,0
2025-07-13,hNUCZ3k_IFg,100M Offers by Alex Hormozi: Best Takeaways #booksummary #selfhelp #alexhormozi #nicknascimento,"Dec 17, 2022",47,2
2025-07-14,hNUCZ3k_IFg,100M Offers by Alex Hormozi: Best Takeaways #booksummary #selfhelp #alexhormozi #nicknascimento,"Dec 17, 2022",47,3
2025-07-15,hNUCZ3k_IFg,100M Offers by Alex Hormozi: Best Takeaways #booksummary #selfhelp #alexhormozi #nicknascimento,"Dec 17, 2022",47,0
2025-07-16,hNUCZ3k_IFg,100M Offers by Alex Hormozi: Best Takeaways #booksummary #selfhelp #alexhormozi #nicknascimento,"Dec 17, 2022",47,3
2025-07-17,hNUCZ3k_IFg,100M Offers by Alex Hormozi: Best Takeaways #booksummary #selfhelp #alexhormozi #nicknascimento,"Dec 17, 2022",47,0
2025-07-18,hNUCZ3k_IFg,100M Offers by Alex Hormozi: Best Takeaways #booksummary #selfhelp #alexhormozi #nicknascimento,"Dec 17, 2022",47,1
2025-07-19,hNUCZ3k_IFg,100M Offers by Alex Hormozi: Best Takeaways #booksummary #selfhelp #alexhormozi #nicknascimento,"Dec 17, 2022",47,1
2025-07-20,hNUCZ3k_IFg,100M Offers by Alex Hormozi: Best Takeaways #booksummary #selfhelp #alexhormozi #nicknascimento,"Dec 17, 2022",47,5
2025-07-21,hNUCZ3k_IFg,100M Offers by Alex Hormozi: Best Takeaways #booksummary #selfhelp #alexhormozi #nicknascimento,"Dec 17, 2022",47,5
2025-07-22,hNUCZ3k_IFg,100M Offers by Alex Hormozi: Best Takeaways #booksummary #selfhelp #alexhormozi #nicknascimento,"Dec 17, 2022",47,2
2025-07-23,hNUCZ3k_IFg,100M Offers by Alex Hormozi: Best Takeaways #booksummary #selfhelp #alexhormozi #nicknascimento,"Dec 17, 2022",47,3
2025-07-24,hNUCZ3k_IFg,100M Offers by Alex Hormozi: Best Takeaways #booksummary #selfhelp #alexhormozi #nicknascimento,"Dec 17, 2022",47,1
2025-07-25,hNUCZ3k_IFg,100M Offers by Alex Hormozi: Best Takeaways #booksummary #selfhelp #alexhormozi #nicknascimento,"Dec 17, 2022",47,1
2025-07-26,hNUCZ3k_IFg,100M Offers by Alex Hormozi: Best Takeaways #booksummary #selfhelp #alexhormozi #nicknascimento,"Dec 17, 2022",47,0
2025-07-27,hNUCZ3k_IFg,100M Offers by Alex Hormozi: Best Takeaways #booksummary #selfhelp #alexhormozi #nicknascimento,"Dec 17, 2022",47,1
2025-07-28,hNUCZ3k_IFg,100M Offers by Alex Hormozi: Best Takeaways #booksummary #selfhelp #alexhormozi #nicknascimento,"Dec 17, 2022",47,2
2025-07-29,hNUCZ3k_IFg,100M Offers by Alex Hormozi: Best Takeaways #booksummary #selfhelp #alexhormozi #nicknascimento,"Dec 17, 2022",47,1
2025-07-30,hNUCZ3k_IFg,100M Offers by Alex Hormozi: Best Takeaways #booksummary #selfhelp #alexhormozi #nicknascimento,"Dec 17, 2022",47,2
2025-07-31,hNUCZ3k_IFg,100M Offers by Alex Hormozi: Best Takeaways #booksummary #selfhelp #alexhormozi #nicknascimento,"Dec 17, 2022",47,1
2025-08-01,hNUCZ3k_IFg,100M Offers by Alex Hormozi: Best Takeaways #booksummary #selfhelp #alexhormozi #nicknascimento,"Dec 17, 2022",47,0
2025-08-02,hNUCZ3k_IFg,100M Offers by Alex Hormozi: Best Takeaways #booksummary #selfhelp #alexhormozi #nicknascimento,"Dec 17, 2022",47,1
2025-08-03,hNUCZ3k_IFg,100M Offers by Alex Hormozi: Best Takeaways #booksummary #selfhelp #alexhormozi #nicknascimento,"Dec 17, 2022",47,2
2025-08-04,hNUCZ3k_IFg,100M Offers by Alex Hormozi: Best Takeaways #booksummary #selfhelp #alexhormozi #nicknascimento,"Dec 17, 2022",47,0
2025-08-05,hNUCZ3k_IFg,100M Offers by Alex Hormozi: Best Takeaways #booksummary #selfhelp #alexhormozi #nicknascimento,"Dec 17, 2022",47,2
2025-08-06,hNUCZ3k_IFg,100M Offers by Alex Hormozi: Best Takeaways #booksummary #selfhelp #alexhormozi #nicknascimento,"Dec 17, 2022",47,2
2025-08-07,hNUCZ3k_IFg,100M Offers by Alex Hormozi: Best Takeaways #booksummary #selfhelp #alexhormozi #nicknascimento,"Dec 17, 2022",47,3
2025-08-08,hNUCZ3k_IFg,100M Offers by Alex Hormozi: Best Takeaways #booksummary #selfhelp #alexhormozi #nicknascimento,"Dec 17, 2022",47,0
2025-08-09,hNUCZ3k_IFg,100M Offers by Alex Hormozi: Best Takeaways #booksummary #selfhelp #alexhormozi #nicknascimento,"Dec 17, 2022",47,2
2025-08-10,hNUCZ3k_IFg,100M Offers by Alex Hormozi: Best Takeaways #booksummary #selfhelp #alexhormozi #nicknascimento,"Dec 17, 2022",47,4
2025-08-11,hNUCZ3k_IFg,100M Offers by Alex Hormozi: Best Takeaways #booksummary #selfhelp #alexhormozi #nicknascimento,"Dec 17, 2022",47,1
2025-08-12,hNUCZ3k_IFg,100M Offers by Alex Hormozi: Best Takeaways #booksummary #selfhelp #alexhormozi #nicknascimento,"Dec 17, 2022",47,3
2025-08-13,hNUCZ3k_IFg,100M Offers by Alex Hormozi: Best Takeaways #booksummary #selfhelp #alexhormozi #nicknascimento,"Dec 17, 2022",47,3
2025-08-14,hNUCZ3k_IFg,100M Offers by Alex Hormozi: Best Takeaways #booksummary #selfhelp #alexhormozi #nicknascimento,"Dec 17, 2022",47,2
2025-08-15,hNUCZ3k_IFg,100M Offers by Alex Hormozi: Best Takeaways #booksummary #selfhelp #alexhormozi #nicknascimento,"Dec 17, 2022",47,2
2025-08-16,hNUCZ3k_IFg,100M Offers by Alex Hormozi: Best Takeaways #booksummary #selfhelp #alexhormozi #nicknascimento,"Dec 17, 2022",47,1
2025-08-17,hNUCZ3k_IFg,100M Offers by Alex Hormozi: Best Takeaways #booksummary #selfhelp #alexhormozi #nicknascimento,"Dec 17, 2022",47,3
2025-08-18,hNUCZ3k_IFg,100M Offers by Alex Hormozi: Best Takeaways #booksummary #selfhelp #alexhormozi #nicknascimento,"Dec 17, 2022",47,0
2025-08-19,hNUCZ3k_IFg,100M Offers by Alex Hormozi: Best Takeaways #booksummary #selfhelp #alexhormozi #nicknascimento,"Dec 17, 2022",47,4
2025-08-20,hNUCZ3k_IFg,100M Offers by Alex Hormozi: Best Takeaways #booksummary #selfhelp #alexhormozi #nicknascimento,"Dec 17, 2022",47,1
2025-08-21,hNUCZ3k_IFg,100M Offers by Alex Hormozi: Best Takeaways #booksummary #selfhelp #alexhormozi #nicknascimento,"Dec 17, 2022",47,7
2025-08-22,hNUCZ3k_IFg,100M Offers by Alex Hormozi: Best Takeaways #booksummary #selfhelp #alexhormozi #nicknascimento,"Dec 17, 2022",47,5
2025-08-23,hNUCZ3k_IFg,100M Offers by Alex Hormozi: Best Takeaways #booksummary #selfhelp #alexhormozi #nicknascimento,"Dec 17, 2022",47,3
2025-08-24,hNUCZ3k_IFg,100M Offers by Alex Hormozi: Best Takeaways #booksummary #selfhelp #alexhormozi #nicknascimento,"Dec 17, 2022",47,2
2025-08-25,hNUCZ3k_IFg,100M Offers by Alex Hormozi: Best Takeaways #booksummary #selfhelp #alexhormozi #nicknascimento,"Dec 17, 2022",47,2
2025-08-26,hNUCZ3k_IFg,100M Offers by Alex Hormozi: Best Takeaways #booksummary #selfhelp #alexhormozi #nicknascimento,"Dec 17, 2022",47,6
2025-08-27,hNUCZ3k_IFg,100M Offers by Alex Hormozi: Best Takeaways #booksummary #selfhelp #alexhormozi #nicknascimento,"Dec 17, 2022",47,5
2025-08-28,hNUCZ3k_IFg,100M Offers by Alex Hormozi: Best Takeaways #booksummary #selfhelp #alexhormozi #nicknascimento,"Dec 17, 2022",47,6
2025-08-29,hNUCZ3k_IFg,100M Offers by Alex Hormozi: Best Takeaways #booksummary #selfhelp #alexhormozi #nicknascimento,"Dec 17, 2022",47,2
2025-08-30,hNUCZ3k_IFg,100M Offers by Alex Hormozi: Best Takeaways #booksummary #selfhelp #alexhormozi #nicknascimento,"Dec 17, 2022",47,4
2025-08-31,hNUCZ3k_IFg,100M Offers by Alex Hormozi: Best Takeaways #booksummary #selfhelp #alexhormozi #nicknascimento,"Dec 17, 2022",47,0
2025-09-01,hNUCZ3k_IFg,100M Offers by Alex Hormozi: Best Takeaways #booksummary #selfhelp #alexhormozi #nicknascimento,"Dec 17, 2022",47,3
2025-09-02,hNUCZ3k_IFg,100M Offers by Alex Hormozi: Best Takeaways #booksummary #selfhelp #alexhormozi #nicknascimento,"Dec 17, 2022",47,4
2025-09-03,hNUCZ3k_IFg,100M Offers by Alex Hormozi: Best Takeaways #booksummary #selfhelp #alexhormozi #nicknascimento,"Dec 17, 2022",47,6
2025-09-04,hNUCZ3k_IFg,100M Offers by Alex Hormozi: Best Takeaways #booksummary #selfhelp #alexhormozi #nicknascimento,"Dec 17, 2022",47,2
2025-09-05,hNUCZ3k_IFg,100M Offers by Alex Hormozi: Best Takeaways #booksummary #selfhelp #alexhormozi #nicknascimento,"Dec 17, 2022",47,1
2025-09-06,hNUCZ3k_IFg,100M Offers by Alex Hormozi: Best Takeaways #booksummary #selfhelp #alexhormozi #nicknascimento,"Dec 17, 2022",47,1
2025-09-07,hNUCZ3k_IFg,100M Offers by Alex Hormozi: Best Takeaways #booksummary #selfhelp #alexhormozi #nicknascimento,"Dec 17, 2022",47,0
2025-09-08,hNUCZ3k_IFg,100M Offers by Alex Hormozi: Best Takeaways #booksummary #selfhelp #alexhormozi #nicknascimento,"Dec 17, 2022",47,1
2025-09-09,hNUCZ3k_IFg,100M Offers by Alex Hormozi: Best Takeaways #booksummary #selfhelp #alexhormozi #nicknascimento,"Dec 17, 2022",47,0
2025-09-10,hNUCZ3k_IFg,100M Offers by Alex Hormozi: Best Takeaways #booksummary #selfhelp #alexhormozi #nicknascimento,"Dec 17, 2022",47,0
2025-09-11,hNUCZ3k_IFg,100M Offers by Alex Hormozi: Best Takeaways #booksummary #selfhelp #alexhormozi #nicknascimento,"Dec 17, 2022",47,3
2025-09-12,hNUCZ3k_IFg,100M Offers by Alex Hormozi: Best Takeaways #booksummary #selfhelp #alexhormozi #nicknascimento,"Dec 17, 2022",47,1
2025-09-13,hNUCZ3k_IFg,100M Offers by Alex Hormozi: Best Takeaways #booksummary #selfhelp #alexhormozi #nicknascimento,"Dec 17, 2022",47,1
2025-09-14,hNUCZ3k_IFg,100M Offers by Alex Hormozi: Best Takeaways #booksummary #selfhelp #alexhormozi #nicknascimento,"Dec 17, 2022",47,2
2025-09-15,hNUCZ3k_IFg,100M Offers by Alex Hormozi: Best Takeaways #booksummary #selfhelp #alexhormozi #nicknascimento,"Dec 17, 2022",47,4
2025-09-16,hNUCZ3k_IFg,100M Offers by Alex Hormozi: Best Takeaways #booksummary #selfhelp #alexhormozi #nicknascimento,"Dec 17, 2022",47,3
2025-09-17,hNUCZ3k_IFg,100M Offers by Alex Hormozi: Best Takeaways #booksummary #selfhelp #alexhormozi #nicknascimento,"Dec 17, 2022",47,3
2025-09-18,hNUCZ3k_IFg,100M Offers by Alex Hormozi: Best Takeaways #booksummary #selfhelp #alexhormozi #nicknascimento,"Dec 17, 2022",47,1
2025-09-19,hNUCZ3k_IFg,100M Offers by Alex Hormozi: Best Takeaways #booksummary #selfhelp #alexhormozi #nicknascimento,"Dec 17, 2022",47,3
2025-09-20,hNUCZ3k_IFg,100M Offers by Alex Hormozi: Best Takeaways #booksummary #selfhelp #alexhormozi #nicknascimento,"Dec 17, 2022",47,0
2025-09-21,hNUCZ3k_IFg,100M Offers by Alex Hormozi: Best Takeaways #booksummary #selfhelp #alexhormozi #nicknascimento,"Dec 17, 2022",47,3
2025-09-22,hNUCZ3k_IFg,100M Offers by Alex Hormozi: Best Takeaways #booksummary #selfhelp #alexhormozi #nicknascimento,"Dec 17, 2022",47,1
2025-09-23,hNUCZ3k_IFg,100M Offers by Alex Hormozi: Best Takeaways #booksummary #selfhelp #alexhormozi #nicknascimento,"Dec 17, 2022",47,1
2025-09-24,hNUCZ3k_IFg,100M Offers by Alex Hormozi: Best Takeaways #booksummary #selfhelp #alexhormozi #nicknascimento,"Dec 17, 2022",47,1
2025-09-25,hNUCZ3k_IFg,100M Offers by Alex Hormozi: Best Takeaways #booksummary #selfhelp #alexhormozi #nicknascimento,"Dec 17, 2022",47,5
2025-09-26,hNUCZ3k_IFg,100M Offers by Alex Hormozi: Best Takeaways #booksummary #selfhelp #alexhormozi #nicknascimento,"Dec 17, 2022",47,2
2025-09-27,hNUCZ3k_IFg,100M Offers by Alex Hormozi: Best Takeaways #booksummary #selfhelp #alexhormozi #nicknascimento,"Dec 17, 2022",47,5
2025-09-28,hNUCZ3k_IFg,100M Offers by Alex Hormozi: Best Takeaways #booksummary #selfhelp #alexhormozi #nicknascimento,"Dec 17, 2022",47,1
2025-09-29,hNUCZ3k_IFg,100M Offers by Alex Hormozi: Best Takeaways #booksummary #selfhelp #alexhormozi #nicknascimento,"Dec 17, 2022",47,2
2025-09-30,hNUCZ3k_IFg,100M Offers by Alex Hormozi: Best Takeaways #booksummary #selfhelp #alexhormozi #nicknascimento,"Dec 17, 2022",47,0
2025-10-01,hNUCZ3k_IFg,100M Offers by Alex Hormozi: Best Takeaways #booksummary #selfhelp #alexhormozi #nicknascimento,"Dec 17, 2022",47,0
2025-10-02,hNUCZ3k_IFg,100M Offers by Alex Hormozi: Best Takeaways #booksummary #selfhelp #alexhormozi #nicknascimento,"Dec 17, 2022",47,3
2025-10-03,hNUCZ3k_IFg,100M Offers by Alex Hormozi: Best Takeaways #booksummary #selfhelp #alexhormozi #nicknascimento,"Dec 17, 2022",47,4
2025-10-04,hNUCZ3k_IFg,100M Offers by Alex Hormozi: Best Takeaways #booksummary #selfhelp #alexhormozi #nicknascimento,"Dec 17, 2022",47,0
2025-10-05,hNUCZ3k_IFg,100M Offers by Alex Hormozi: Best Takeaways #booksummary #selfhelp #alexhormozi #nicknascimento,"Dec 17, 2022",47,2
2025-10-06,hNUCZ3k_IFg,100M Offers by Alex Hormozi: Best Takeaways #booksummary #selfhelp #alexhormozi #nicknascimento,"Dec 17, 2022",47,1
2025-10-07,hNUCZ3k_IFg,100M Offers by Alex Hormozi: Best Takeaways #booksummary #selfhelp #alexhormozi #nicknascimento,"Dec 17, 2022",47,2
2025-10-08,hNUCZ3k_IFg,100M Offers by Alex Hormozi: Best Takeaways #booksummary #selfhelp #alexhormozi #nicknascimento,"Dec 17, 2022",47,3
2025-10-09,hNUCZ3k_IFg,100M Offers by Alex Hormozi: Best Takeaways #booksummary #selfhelp #alexhormozi #nicknascimento,"Dec 17, 2022",47,0
2025-10-10,hNUCZ3k_IFg,100M Offers by Alex Hormozi: Best Takeaways #booksummary #selfhelp #alexhormozi #nicknascimento,"Dec 17, 2022",47,4
2025-10-11,hNUCZ3k_IFg,100M Offers by Alex Hormozi: Best Takeaways #booksummary #selfhelp #alexhormozi #nicknascimento,"Dec 17, 2022",47,2
2025-10-12,hNUCZ3k_IFg,100M Offers by Alex Hormozi: Best Takeaways #booksummary #selfhelp #alexhormozi #nicknascimento,"Dec 17, 2022",47,5
2025-10-13,hNUCZ3k_IFg,100M Offers by Alex Hormozi: Best Takeaways #booksummary #selfhelp #alexhormozi #nicknascimento,"Dec 17, 2022",47,5
2025-10-14,hNUCZ3k_IFg,100M Offers by Alex Hormozi: Best Takeaways #booksummary #selfhelp #alexhormozi #nicknascimento,"Dec 17, 2022",47,3
2025-10-15,hNUCZ3k_IFg,100M Offers by Alex Hormozi: Best Takeaways #booksummary #selfhelp #alexhormozi #nicknascimento,"Dec 17, 2022",47,3
2025-10-16,hNUCZ3k_IFg,100M Offers by Alex Hormozi: Best Takeaways #booksummary #selfhelp #alexhormozi #nicknascimento,"Dec 17, 2022",47,2
2025-10-17,hNUCZ3k_IFg,100M Offers by Alex Hormozi: Best Takeaways #booksummary #selfhelp #alexhormozi #nicknascimento,"Dec 17, 2022",47,1
2025-10-18,hNUCZ3k_IFg,100M Offers by Alex Hormozi: Best Takeaways #booksummary #selfhelp #alexhormozi #nicknascimento,"Dec 17, 2022",47,3
2025-10-19,hNUCZ3k_IFg,100M Offers by Alex Hormozi: Best Takeaways #booksummary #selfhelp #alexhormozi #nicknascimento,"Dec 17, 2022",47,3
2025-10-20,hNUCZ3k_IFg,100M Offers by Alex Hormozi: Best Takeaways #booksummary #selfhelp #alexhormozi #nicknascimento,"Dec 17, 2022",47,2
2025-10-21,hNUCZ3k_IFg,100M Offers by Alex Hormozi: Best Takeaways #booksummary #selfhelp #alexhormozi #nicknascimento,"Dec 17, 2022",47,3
2025-10-22,hNUCZ3k_IFg,100M Offers by Alex Hormozi: Best Takeaways #booksummary #selfhelp #alexhormozi #nicknascimento,"Dec 17, 2022",47,3
2025-10-23,hNUCZ3k_IFg,100M Offers by Alex Hormozi: Best Takeaways #booksummary #selfhelp #alexhormozi #nicknascimento,"Dec 17, 2022",47,2
2025-10-24,hNUCZ3k_IFg,100M Offers by Alex Hormozi: Best Takeaways #booksummary #selfhelp #alexhormozi #nicknascimento,"Dec 17, 2022",47,1
2025-10-25,hNUCZ3k_IFg,100M Offers by Alex Hormozi: Best Takeaways #booksummary #selfhelp #alexhormozi #nicknascimento,"Dec 17, 2022",47,0
2025-10-26,hNUCZ3k_IFg,100M Offers by Alex Hormozi: Best Takeaways #booksummary #selfhelp #alexhormozi #nicknascimento,"Dec 17, 2022",47,2
2025-10-27,hNUCZ3k_IFg,100M Offers by Alex Hormozi: Best Takeaways #booksummary #selfhelp #alexhormozi #nicknascimento,"Dec 17, 2022",47,1
2025-10-28,hNUCZ3k_IFg,100M Offers by Alex Hormozi: Best Takeaways #booksummary #selfhelp #alexhormozi #nicknascimento,"Dec 17, 2022",47,6
2025-10-29,hNUCZ3k_IFg,100M Offers by Alex Hormozi: Best Takeaways #booksummary #selfhelp #alexhormozi #nicknascimento,"Dec 17, 2022",47,3
2025-10-30,hNUCZ3k_IFg,100M Offers by Alex Hormozi: Best Takeaways #booksummary #selfhelp #alexhormozi #nicknascimento,"Dec 17, 2022",47,6
2025-10-31,hNUCZ3k_IFg,100M Offers by Alex Hormozi: Best Takeaways #booksummary #selfhelp #alexhormozi #nicknascimento,"Dec 17, 2022",47,4
2025-11-01,hNUCZ3k_IFg,100M Offers by Alex Hormozi: Best Takeaways #booksummary #selfhelp #alexhormozi #nicknascimento,"Dec 17, 2022",47,7
2025-11-02,hNUCZ3k_IFg,100M Offers by Alex Hormozi: Best Takeaways #booksummary #selfhelp #alexhormozi #nicknascimento,"Dec 17, 2022",47,4
2025-11-03,hNUCZ3k_IFg,100M Offers by Alex Hormozi: Best Takeaways #booksummary #selfhelp #alexhormozi #nicknascimento,"Dec 17, 2022",47,2
2025-11-04,hNUCZ3k_IFg,100M Offers by Alex Hormozi: Best Takeaways #booksummary #selfhelp #alexhormozi #nicknascimento,"Dec 17, 2022",47,0
2025-11-05,hNUCZ3k_IFg,100M Offers by Alex Hormozi: Best Takeaways #booksummary #selfhelp #alexhormozi #nicknascimento,"Dec 17, 2022",47,3
2025-11-06,hNUCZ3k_IFg,100M Offers by Alex Hormozi: Best Takeaways #booksummary #selfhelp #alexhormozi #nicknascimento,"Dec 17, 2022",47,1
2025-11-07,hNUCZ3k_IFg,100M Offers by Alex Hormozi: Best Takeaways #booksummary #selfhelp #alexhormozi #nicknascimento,"Dec 17, 2022",47,2
2025-11-08,hNUCZ3k_IFg,100M Offers by Alex Hormozi: Best Takeaways #booksummary #selfhelp #alexhormozi #nicknascimento,"Dec 17, 2022",47,1
2025-11-09,hNUCZ3k_IFg,100M Offers by Alex Hormozi: Best Takeaways #booksummary #selfhelp #alexhormozi #nicknascimento,"Dec 17, 2022",47,2
2025-11-10,hNUCZ3k_IFg,100M Offers by Alex Hormozi: Best Takeaways #booksummary #selfhelp #alexhormozi #nicknascimento,"Dec 17, 2022",47,2
2025-11-11,hNUCZ3k_IFg,100M Offers by Alex Hormozi: Best Takeaways #booksummary #selfhelp #alexhormozi #nicknascimento,"Dec 17, 2022",47,1
2025-11-12,hNUCZ3k_IFg,100M Offers by Alex Hormozi: Best Takeaways #booksummary #selfhelp #alexhormozi #nicknascimento,"Dec 17, 2022",47,3
2025-11-13,hNUCZ3k_IFg,100M Offers by Alex Hormozi: Best Takeaways #booksummary #selfhelp #alexhormozi #nicknascimento,"Dec 17, 2022",47,0
2025-11-14,hNUCZ3k_IFg,100M Offers by Alex Hormozi: Best Takeaways #booksummary #selfhelp #alexhormozi #nicknascimento,"Dec 17, 2022",47,1
2025-11-15,hNUCZ3k_IFg,100M Offers by Alex Hormozi: Best Takeaways #booksummary #selfhelp #alexhormozi #nicknascimento,"Dec 17, 2022",47,3
2025-11-16,hNUCZ3k_IFg,100M Offers by Alex Hormozi: Best Takeaways #booksummary #selfhelp #alexhormozi #nicknascimento,"Dec 17, 2022",47,1
2025-11-17,hNUCZ3k_IFg,100M Offers by Alex Hormozi: Best Takeaways #booksummary #selfhelp #alexhormozi #nicknascimento,"Dec 17, 2022",47,2
2025-11-18,hNUCZ3k_IFg,100M Offers by Alex Hormozi: Best Takeaways #booksummary #selfhelp #alexhormozi #nicknascimento,"Dec 17, 2022",47,2
2025-11-19,hNUCZ3k_IFg,100M Offers by Alex Hormozi: Best Takeaways #booksummary #selfhelp #alexhormozi #nicknascimento,"Dec 17, 2022",47,4
2025-11-20,hNUCZ3k_IFg,100M Offers by Alex Hormozi: Best Takeaways #booksummary #selfhelp #alexhormozi #nicknascimento,"Dec 17, 2022",47,5
2025-11-21,hNUCZ3k_IFg,100M Offers by Alex Hormozi: Best Takeaways #booksummary #selfhelp #alexhormozi #nicknascimento,"Dec 17, 2022",47,0
2025-11-22,hNUCZ3k_IFg,100M Offers by Alex Hormozi: Best Takeaways #booksummary #selfhelp #alexhormozi #nicknascimento,"Dec 17, 2022",47,3
2025-11-23,hNUCZ3k_IFg,100M Offers by Alex Hormozi: Best Takeaways #booksummary #selfhelp #alexhormozi #nicknascimento,"Dec 17, 2022",47,2
2025-11-24,hNUCZ3k_IFg,100M Offers by Alex Hormozi: Best Takeaways #booksummary #selfhelp #alexhormozi #nicknascimento,"Dec 17, 2022",47,2
2025-11-25,hNUCZ3k_IFg,100M Offers by Alex Hormozi: Best Takeaways #booksummary #selfhelp #alexhormozi #nicknascimento,"Dec 17, 2022",47,0
2025-11-26,hNUCZ3k_IFg,100M Offers by Alex Hormozi: Best Takeaways #booksummary #selfhelp #alexhormozi #nicknascimento,"Dec 17, 2022",47,4
2025-11-27,hNUCZ3k_IFg,100M Offers by Alex Hormozi: Best Takeaways #booksummary #selfhelp #alexhormozi #nicknascimento,"Dec 17, 2022",47,2
2025-11-28,hNUCZ3k_IFg,100M Offers by Alex Hormozi: Best Takeaways #booksummary #selfhelp #alexhormozi #nicknascimento,"Dec 17, 2022",47,5
2025-11-29,hNUCZ3k_IFg,100M Offers by Alex Hormozi: Best Takeaways #booksummary #selfhelp #alexhormozi #nicknascimento,"Dec 17, 2022",47,2
2025-11-30,hNUCZ3k_IFg,100M Offers by Alex Hormozi: Best Takeaways #booksummary #selfhelp #alexhormozi #nicknascimento,"Dec 17, 2022",47,3
2025-12-01,hNUCZ3k_IFg,100M Offers by Alex Hormozi: Best Takeaways #booksummary #selfhelp #alexhormozi #nicknascimento,"Dec 17, 2022",47,1
2025-12-02,hNUCZ3k_IFg,100M Offers by Alex Hormozi: Best Takeaways #booksummary #selfhelp #alexhormozi #nicknascimento,"Dec 17, 2022",47,2
2025-12-03,hNUCZ3k_IFg,100M Offers by Alex Hormozi: Best Takeaways #booksummary #selfhelp #alexhormozi #nicknascimento,"Dec 17, 2022",47,1
2025-12-04,hNUCZ3k_IFg,100M Offers by Alex Hormozi: Best Takeaways #booksummary #selfhelp #alexhormozi #nicknascimento,"Dec 17, 2022",47,6
2025-12-05,hNUCZ3k_IFg,100M Offers by Alex Hormozi: Best Takeaways #booksummary #selfhelp #alexhormozi #nicknascimento,"Dec 17, 2022",47,3
2025-12-06,hNUCZ3k_IFg,100M Offers by Alex Hormozi: Best Takeaways #booksummary #selfhelp #alexhormozi #nicknascimento,"Dec 17, 2022",47,0
2025-12-07,hNUCZ3k_IFg,100M Offers by Alex Hormozi: Best Takeaways #booksummary #selfhelp #alexhormozi #nicknascimento,"Dec 17, 2022",47,2
2025-12-08,hNUCZ3k_IFg,100M Offers by Alex Hormozi: Best Takeaways #booksummary #selfhelp #alexhormozi #nicknascimento,"Dec 17, 2022",47,1
2025-12-09,hNUCZ3k_IFg,100M Offers by Alex Hormozi: Best Takeaways #booksummary #selfhelp #alexhormozi #nicknascimento,"Dec 17, 2022",47,3
2025-12-10,hNUCZ3k_IFg,100M Offers by Alex Hormozi: Best Takeaways #booksummary #selfhelp #alexhormozi #nicknascimento,"Dec 17, 2022",47,3
2025-12-11,hNUCZ3k_IFg,100M Offers by Alex Hormozi: Best Takeaways #booksummary #selfhelp #alexhormozi #nicknascimento,"Dec 17, 2022",47,2
2025-12-12,hNUCZ3k_IFg,100M Offers by Alex Hormozi: Best Takeaways #booksummary #selfhelp #alexhormozi #nicknascimento,"Dec 17, 2022",47,1
2025-12-13,hNUCZ3k_IFg,100M Offers by Alex Hormozi: Best Takeaways #booksummary #selfhelp #alexhormozi #nicknascimento,"Dec 17, 2022",47,2
2025-12-14,hNUCZ3k_IFg,100M Offers by Alex Hormozi: Best Takeaways #booksummary #selfhelp #alexhormozi #nicknascimento,"Dec 17, 2022",47,1
2025-12-15,hNUCZ3k_IFg,100M Offers by Alex Hormozi: Best Takeaways #booksummary #selfhelp #alexhormozi #nicknascimento,"Dec 17, 2022",47,1
2025-12-16,hNUCZ3k_IFg,100M Offers by Alex Hormozi: Best Takeaways #booksummary #selfhelp #alexhormozi #nicknascimento,"Dec 17, 2022",47,3
2025-12-17,hNUCZ3k_IFg,100M Offers by Alex Hormozi: Best Takeaways #booksummary #selfhelp #alexhormozi #nicknascimento,"Dec 17, 2022",47,3
2025-12-18,hNUCZ3k_IFg,100M Offers by Alex Hormozi: Best Takeaways #booksummary #selfhelp #alexhormozi #nicknascimento,"Dec 17, 2022",47,3
2025-12-19,hNUCZ3k_IFg,100M Offers by Alex Hormozi: Best Takeaways #booksummary #selfhelp #alexhormozi #nicknascimento,"Dec 17, 2022",47,1
2025-12-20,hNUCZ3k_IFg,100M Offers by Alex Hormozi: Best Takeaways #booksummary #selfhelp #alexhormozi #nicknascimento,"Dec 17, 2022",47,2
2025-12-21,hNUCZ3k_IFg,100M Offers by Alex Hormozi: Best Takeaways #booksummary #selfhelp #alexhormozi #nicknascimento,"Dec 17, 2022",47,3
2025-12-22,hNUCZ3k_IFg,100M Offers by Alex Hormozi: Best Takeaways #booksummary #selfhelp #alexhormozi #nicknascimento,"Dec 17, 2022",47,0
2025-12-23,hNUCZ3k_IFg,100M Offers by Alex Hormozi: Best Takeaways #booksummary #selfhelp #alexhormozi #nicknascimento,"Dec 17, 2022",47,2
2025-12-24,hNUCZ3k_IFg,100M Offers by Alex Hormozi: Best Takeaways #booksummary #selfhelp #alexhormozi #nicknascimento,"Dec 17, 2022",47,5
2025-12-25,hNUCZ3k_IFg,100M Offers by Alex Hormozi: Best Takeaways #booksummary #selfhelp #alexhormozi #nicknascimento,"Dec 17, 2022",47,1
2025-12-26,hNUCZ3k_IFg,100M Offers by Alex Hormozi: Best Takeaways #booksummary #selfhelp #alexhormozi #nicknascimento,"Dec 17, 2022",47,0
2025-12-27,hNUCZ3k_IFg,100M Offers by Alex Hormozi: Best Takeaways #booksummary #selfhelp #alexhormozi #nicknascimento,"Dec 17, 2022",47,3
2025-12-28,hNUCZ3k_IFg,100M Offers by Alex Hormozi: Best Takeaways #booksummary #selfhelp #alexhormozi #nicknascimento,"Dec 17, 2022",47,1
2025-12-29,hNUCZ3k_IFg,100M Offers by Alex Hormozi: Best Takeaways #booksummary #selfhelp #alexhormozi #nicknascimento,"Dec 17, 2022",47,4
2025-12-30,hNUCZ3k_IFg,100M Offers by Alex Hormozi: Best Takeaways #booksummary #selfhelp #alexhormozi #nicknascimento,"Dec 17, 2022",47,4
2025-12-31,hNUCZ3k_IFg,100M Offers by Alex Hormozi: Best Takeaways #booksummary #selfhelp #alexhormozi #nicknascimento,"Dec 17, 2022",47,7
2026-01-01,hNUCZ3k_IFg,100M Offers by Alex Hormozi: Best Takeaways #booksummary #selfhelp #alexhormozi #nicknascimento,"Dec 17, 2022",47,3
2026-01-02,hNUCZ3k_IFg,100M Offers by Alex Hormozi: Best Takeaways #booksummary #selfhelp #alexhormozi #nicknascimento,"Dec 17, 2022",47,6
2026-01-03,hNUCZ3k_IFg,100M Offers by Alex Hormozi: Best Takeaways #booksummary #selfhelp #alexhormozi #nicknascimento,"Dec 17, 2022",47,2
2026-01-04,hNUCZ3k_IFg,100M Offers by Alex Hormozi: Best Takeaways #booksummary #selfhelp #alexhormozi #nicknascimento,"Dec 17, 2022",47,1
2026-01-05,hNUCZ3k_IFg,100M Offers by Alex Hormozi: Best Takeaways #booksummary #selfhelp #alexhormozi #nicknascimento,"Dec 17, 2022",47,3
2026-01-06,hNUCZ3k_IFg,100M Offers by Alex Hormozi: Best Takeaways #booksummary #selfhelp #alexhormozi #nicknascimento,"Dec 17, 2022",47,2
2026-01-07,hNUCZ3k_IFg,100M Offers by Alex Hormozi: Best Takeaways #booksummary #selfhelp #alexhormozi #nicknascimento,"Dec 17, 2022",47,2
2026-01-08,hNUCZ3k_IFg,100M Offers by Alex Hormozi: Best Takeaways #booksummary #selfhelp #alexhormozi #nicknascimento,"Dec 17, 2022",47,2
2026-01-09,hNUCZ3k_IFg,100M Offers by Alex Hormozi: Best Takeaways #booksummary #selfhelp #alexhormozi #nicknascimento,"Dec 17, 2022",47,1
2026-01-10,hNUCZ3k_IFg,100M Offers by Alex Hormozi: Best Takeaways #booksummary #selfhelp #alexhormozi #nicknascimento,"Dec 17, 2022",47,0
2026-01-11,hNUCZ3k_IFg,100M Offers by Alex Hormozi: Best Takeaways #booksummary #selfhelp #alexhormozi #nicknascimento,"Dec 17, 2022",47,0
2026-01-12,hNUCZ3k_IFg,100M Offers by Alex Hormozi: Best Takeaways #booksummary #selfhelp #alexhormozi #nicknascimento,"Dec 17, 2022",47,2
2026-01-13,hNUCZ3k_IFg,100M Offers by Alex Hormozi: Best Takeaways #booksummary #selfhelp #alexhormozi #nicknascimento,"Dec 17, 2022",47,1
2026-01-14,hNUCZ3k_IFg,100M Offers by Alex Hormozi: Best Takeaways #booksummary #selfhelp #alexhormozi #nicknascimento,"Dec 17, 2022",47,3
2026-01-15,hNUCZ3k_IFg,100M Offers by Alex Hormozi: Best Takeaways #booksummary #selfhelp #alexhormozi #nicknascimento,"Dec 17, 2022",47,0
2026-01-16,hNUCZ3k_IFg,100M Offers by Alex Hormozi: Best Takeaways #booksummary #selfhelp #alexhormozi #nicknascimento,"Dec 17, 2022",47,2
2026-01-17,hNUCZ3k_IFg,100M Offers by Alex Hormozi: Best Takeaways #booksummary #selfhelp #alexhormozi #nicknascimento,"Dec 17, 2022",47,1
2026-01-18,hNUCZ3k_IFg,100M Offers by Alex Hormozi: Best Takeaways #booksummary #selfhelp #alexhormozi #nicknascimento,"Dec 17, 2022",47,1
2026-01-19,hNUCZ3k_IFg,100M Offers by Alex Hormozi: Best Takeaways #booksummary #selfhelp #alexhormozi #nicknascimento,"Dec 17, 2022",47,1
2026-01-20,hNUCZ3k_IFg,100M Offers by Alex Hormozi: Best Takeaways #booksummary #selfhelp #alexhormozi #nicknascimento,"Dec 17, 2022",47,1
2026-01-21,hNUCZ3k_IFg,100M Offers by Alex Hormozi: Best Takeaways #booksummary #selfhelp #alexhormozi #nicknascimento,"Dec 17, 2022",47,4
2026-01-22,hNUCZ3k_IFg,100M Offers by Alex Hormozi: Best Takeaways #booksummary #selfhelp #alexhormozi #nicknascimento,"Dec 17, 2022",47,1
2026-01-23,hNUCZ3k_IFg,100M Offers by Alex Hormozi: Best Takeaways #booksummary #selfhelp #alexhormozi #nicknascimento,"Dec 17, 2022",47,0
2026-01-24,hNUCZ3k_IFg,100M Offers by Alex Hormozi: Best Takeaways #booksummary #selfhelp #alexhormozi #nicknascimento,"Dec 17, 2022",47,3
2026-01-25,hNUCZ3k_IFg,100M Offers by Alex Hormozi: Best Takeaways #booksummary #selfhelp #alexhormozi #nicknascimento,"Dec 17, 2022",47,3
2026-01-26,hNUCZ3k_IFg,100M Offers by Alex Hormozi: Best Takeaways #booksummary #selfhelp #alexhormozi #nicknascimento,"Dec 17, 2022",47,6
2026-01-27,hNUCZ3k_IFg,100M Offers by Alex Hormozi: Best Takeaways #booksummary #selfhelp #alexhormozi #nicknascimento,"Dec 17, 2022",47,1
2026-01-28,hNUCZ3k_IFg,100M Offers by Alex Hormozi: Best Takeaways #booksummary #selfhelp #alexhormozi #nicknascimento,"Dec 17, 2022",47,2
2026-01-29,hNUCZ3k_IFg,100M Offers by Alex Hormozi: Best Takeaways #booksummary #selfhelp #alexhormozi #nicknascimento,"Dec 17, 2022",47,2
2026-01-30,hNUCZ3k_IFg,100M Offers by Alex Hormozi: Best Takeaways #booksummary #selfhelp #alexhormozi #nicknascimento,"Dec 17, 2022",47,2
2026-01-31,hNUCZ3k_IFg,100M Offers by Alex Hormozi: Best Takeaways #booksummary #selfhelp #alexhormozi #nicknascimento,"Dec 17, 2022",47,2
2026-02-01,hNUCZ3k_IFg,100M Offers by Alex Hormozi: Best Takeaways #booksummary #selfhelp #alexhormozi #nicknascimento,"Dec 17, 2022",47,3
2026-02-02,hNUCZ3k_IFg,100M Offers by Alex Hormozi: Best Takeaways #booksummary #selfhelp #alexhormozi #nicknascimento,"Dec 17, 2022",47,0
2026-02-03,hNUCZ3k_IFg,100M Offers by Alex Hormozi: Best Takeaways #booksummary #selfhelp #alexhormozi #nicknascimento,"Dec 17, 2022",47,1
2026-02-04,hNUCZ3k_IFg,100M Offers by Alex Hormozi: Best Takeaways #booksummary #selfhelp #alexhormozi #nicknascimento,"Dec 17, 2022",47,1
2026-02-05,hNUCZ3k_IFg,100M Offers by Alex Hormozi: Best Takeaways #booksummary #selfhelp #alexhormozi #nicknascimento,"Dec 17, 2022",47,4
2026-02-06,hNUCZ3k_IFg,100M Offers by Alex Hormozi: Best Takeaways #booksummary #selfhelp #alexhormozi #nicknascimento,"Dec 17, 2022",47,4
2026-02-07,hNUCZ3k_IFg,100M Offers by Alex Hormozi: Best Takeaways #booksummary #selfhelp #alexhormozi #nicknascimento,"Dec 17, 2022",47,2
2026-02-08,hNUCZ3k_IFg,100M Offers by Alex Hormozi: Best Takeaways #booksummary #selfhelp #alexhormozi #nicknascimento,"Dec 17, 2022",47,3
2026-02-09,hNUCZ3k_IFg,100M Offers by Alex Hormozi: Best Takeaways #booksummary #selfhelp #alexhormozi #nicknascimento,"Dec 17, 2022",47,2
2026-02-10,hNUCZ3k_IFg,100M Offers by Alex Hormozi: Best Takeaways #booksummary #selfhelp #alexhormozi #nicknascimento,"Dec 17, 2022",47,1
2026-02-11,hNUCZ3k_IFg,100M Offers by Alex Hormozi: Best Takeaways #booksummary #selfhelp #alexhormozi #nicknascimento,"Dec 17, 2022",47,1
2026-02-12,hNUCZ3k_IFg,100M Offers by Alex Hormozi: Best Takeaways #booksummary #selfhelp #alexhormozi #nicknascimento,"Dec 17, 2022",47,0
2026-02-13,hNUCZ3k_IFg,100M Offers by Alex Hormozi: Best Takeaways #booksummary #selfhelp #alexhormozi #nicknascimento,"Dec 17, 2022",47,1
2026-02-14,hNUCZ3k_IFg,100M Offers by Alex Hormozi: Best Takeaways #booksummary #selfhelp #alexhormozi #nicknascimento,"Dec 17, 2022",47,4
2026-02-15,hNUCZ3k_IFg,100M Offers by Alex Hormozi: Best Takeaways #booksummary #selfhelp #alexhormozi #nicknascimento,"Dec 17, 2022",47,1
2026-02-16,hNUCZ3k_IFg,100M Offers by Alex Hormozi: Best Takeaways #booksummary #selfhelp #alexhormozi #nicknascimento,"Dec 17, 2022",47,0
2026-02-17,hNUCZ3k_IFg,100M Offers by Alex Hormozi: Best Takeaways #booksummary #selfhelp #alexhormozi #nicknascimento,"Dec 17, 2022",47,2
2026-02-18,hNUCZ3k_IFg,100M Offers by Alex Hormozi: Best Takeaways #booksummary #selfhelp #alexhormozi #nicknascimento,"Dec 17, 2022",47,1
2026-02-19,hNUCZ3k_IFg,100M Offers by Alex Hormozi: Best Takeaways #booksummary #selfhelp #alexhormozi #nicknascimento,"Dec 17, 2022",47,0
2026-02-20,hNUCZ3k_IFg,100M Offers by Alex Hormozi: Best Takeaways #booksummary #selfhelp #alexhormozi #nicknascimento,"Dec 17, 2022",47,5
2026-02-21,hNUCZ3k_IFg,100M Offers by Alex Hormozi: Best Takeaways #booksummary #selfhelp #alexhormozi #nicknascimento,"Dec 17, 2022",47,3
2026-02-22,hNUCZ3k_IFg,100M Offers by Alex Hormozi: Best Takeaways #booksummary #selfhelp #alexhormozi #nicknascimento,"Dec 17, 2022",47,2
2026-02-23,hNUCZ3k_IFg,100M Offers by Alex Hormozi: Best Takeaways #booksummary #selfhelp #alexhormozi #nicknascimento,"Dec 17, 2022",47,1
2026-02-24,hNUCZ3k_IFg,100M Offers by Alex Hormozi: Best Takeaways #booksummary #selfhelp #alexhormozi #nicknascimento,"Dec 17, 2022",47,1
2026-02-25,hNUCZ3k_IFg,100M Offers by Alex Hormozi: Best Takeaways #booksummary #selfhelp #alexhormozi #nicknascimento,"Dec 17, 2022",47,2
2026-02-26,hNUCZ3k_IFg,100M Offers by Alex Hormozi: Best Takeaways #booksummary #selfhelp #alexhormozi #nicknascimento,"Dec 17, 2022",47,1
2026-02-27,hNUCZ3k_IFg,100M Offers by Alex Hormozi: Best Takeaways #booksummary #selfhelp #alexhormozi #nicknascimento,"Dec 17, 2022",47,3
2026-02-28,hNUCZ3k_IFg,100M Offers by Alex Hormozi: Best Takeaways #booksummary #selfhelp #alexhormozi #nicknascimento,"Dec 17, 2022",47,0
2026-03-01,hNUCZ3k_IFg,100M Offers by Alex Hormozi: Best Takeaways #booksummary #selfhelp #alexhormozi #nicknascimento,"Dec 17, 2022",47,1
2026-03-02,hNUCZ3k_IFg,100M Offers by Alex Hormozi: Best Takeaways #booksummary #selfhelp #alexhormozi #nicknascimento,"Dec 17, 2022",47,2
2026-03-03,hNUCZ3k_IFg,100M Offers by Alex Hormozi: Best Takeaways #booksummary #selfhelp #alexhormozi #nicknascimento,"Dec 17, 2022",47,1
2026-03-04,hNUCZ3k_IFg,100M Offers by Alex Hormozi: Best Takeaways #booksummary #selfhelp #alexhormozi #nicknascimento,"Dec 17, 2022",47,4
2026-03-05,hNUCZ3k_IFg,100M Offers by Alex Hormozi: Best Takeaways #booksummary #selfhelp #alexhormozi #nicknascimento,"Dec 17, 2022",47,5
2026-03-06,hNUCZ3k_IFg,100M Offers by Alex Hormozi: Best Takeaways #booksummary #selfhelp #alexhormozi #nicknascimento,"Dec 17, 2022",47,1
2026-03-07,hNUCZ3k_IFg,100M Offers by Alex Hormozi: Best Takeaways #booksummary #selfhelp #alexhormozi #nicknascimento,"Dec 17, 2022",47,3
2026-03-08,hNUCZ3k_IFg,100M Offers by Alex Hormozi: Best Takeaways #booksummary #selfhelp #alexhormozi #nicknascimento,"Dec 17, 2022",47,2
2026-03-09,hNUCZ3k_IFg,100M Offers by Alex Hormozi: Best Takeaways #booksummary #selfhelp #alexhormozi #nicknascimento,"Dec 17, 2022",47,1
2026-03-10,hNUCZ3k_IFg,100M Offers by Alex Hormozi: Best Takeaways #booksummary #selfhelp #alexhormozi #nicknascimento,"Dec 17, 2022",47,6
2026-03-11,hNUCZ3k_IFg,100M Offers by Alex Hormozi: Best Takeaways #booksummary #selfhelp #alexhormozi #nicknascimento,"Dec 17, 2022",47,1
2026-03-12,hNUCZ3k_IFg,100M Offers by Alex Hormozi: Best Takeaways #booksummary #selfhelp #alexhormozi #nicknascimento,"Dec 17, 2022",47,4
2026-03-13,hNUCZ3k_IFg,100M Offers by Alex Hormozi: Best Takeaways #booksummary #selfhelp #alexhormozi #nicknascimento,"Dec 17, 2022",47,11
2026-03-14,hNUCZ3k_IFg,100M Offers by Alex Hormozi: Best Takeaways #booksummary #selfhelp #alexhormozi #nicknascimento,"Dec 17, 2022",47,11
2026-03-15,hNUCZ3k_IFg,100M Offers by Alex Hormozi: Best Takeaways #booksummary #selfhelp #alexhormozi #nicknascimento,"Dec 17, 2022",47,10
2026-03-16,hNUCZ3k_IFg,100M Offers by Alex Hormozi: Best Takeaways #booksummary #selfhelp #alexhormozi #nicknascimento,"Dec 17, 2022",47,7
2026-03-17,hNUCZ3k_IFg,100M Offers by Alex Hormozi: Best Takeaways #booksummary #selfhelp #alexhormozi #nicknascimento,"Dec 17, 2022",47,5
2026-03-18,hNUCZ3k_IFg,100M Offers by Alex Hormozi: Best Takeaways #booksummary #selfhelp #alexhormozi #nicknascimento,"Dec 17, 2022",47,1
2026-03-19,hNUCZ3k_IFg,100M Offers by Alex Hormozi: Best Takeaways #booksummary #selfhelp #alexhormozi #nicknascimento,"Dec 17, 2022",47,2
2026-03-20,hNUCZ3k_IFg,100M Offers by Alex Hormozi: Best Takeaways #booksummary #selfhelp #alexhormozi #nicknascimento,"Dec 17, 2022",47,2
2026-03-21,hNUCZ3k_IFg,100M Offers by Alex Hormozi: Best Takeaways #booksummary #selfhelp #alexhormozi #nicknascimento,"Dec 17, 2022",47,5
2026-03-22,hNUCZ3k_IFg,100M Offers by Alex Hormozi: Best Takeaways #booksummary #selfhelp #alexhormozi #nicknascimento,"Dec 17, 2022",47,7
2026-03-23,hNUCZ3k_IFg,100M Offers by Alex Hormozi: Best Takeaways #booksummary #selfhelp #alexhormozi #nicknascimento,"Dec 17, 2022",47,4
2026-03-24,hNUCZ3k_IFg,100M Offers by Alex Hormozi: Best Takeaways #booksummary #selfhelp #alexhormozi #nicknascimento,"Dec 17, 2022",47,6
2026-03-25,hNUCZ3k_IFg,100M Offers by Alex Hormozi: Best Takeaways #booksummary #selfhelp #alexhormozi #nicknascimento,"Dec 17, 2022",47,1
2026-03-26,hNUCZ3k_IFg,100M Offers by Alex Hormozi: Best Takeaways #booksummary #selfhelp #alexhormozi #nicknascimento,"Dec 17, 2022",47,4
2026-03-27,hNUCZ3k_IFg,100M Offers by Alex Hormozi: Best Takeaways #booksummary #selfhelp #alexhormozi #nicknascimento,"Dec 17, 2022",47,1
2026-03-28,hNUCZ3k_IFg,100M Offers by Alex Hormozi: Best Takeaways #booksummary #selfhelp #alexhormozi #nicknascimento,"Dec 17, 2022",47,1
2026-03-29,hNUCZ3k_IFg,100M Offers by Alex Hormozi: Best Takeaways #booksummary #selfhelp #alexhormozi #nicknascimento,"Dec 17, 2022",47,2
2026-03-30,hNUCZ3k_IFg,100M Offers by Alex Hormozi: Best Takeaways #booksummary #selfhelp #alexhormozi #nicknascimento,"Dec 17, 2022",47,4
2026-03-31,hNUCZ3k_IFg,100M Offers by Alex Hormozi: Best Takeaways #booksummary #selfhelp #alexhormozi #nicknascimento,"Dec 17, 2022",47,0
2026-04-01,hNUCZ3k_IFg,100M Offers by Alex Hormozi: Best Takeaways #booksummary #selfhelp #alexhormozi #nicknascimento,"Dec 17, 2022",47,2
2026-04-02,hNUCZ3k_IFg,100M Offers by Alex Hormozi: Best Takeaways #booksummary #selfhelp #alexhormozi #nicknascimento,"Dec 17, 2022",47,6
2026-04-03,hNUCZ3k_IFg,100M Offers by Alex Hormozi: Best Takeaways #booksummary #selfhelp #alexhormozi #nicknascimento,"Dec 17, 2022",47,4
2026-04-04,hNUCZ3k_IFg,100M Offers by Alex Hormozi: Best Takeaways #booksummary #selfhelp #alexhormozi #nicknascimento,"Dec 17, 2022",47,2
2026-04-05,hNUCZ3k_IFg,100M Offers by Alex Hormozi: Best Takeaways #booksummary #selfhelp #alexhormozi #nicknascimento,"Dec 17, 2022",47,2
2026-04-06,hNUCZ3k_IFg,100M Offers by Alex Hormozi: Best Takeaways #booksummary #selfhelp #alexhormozi #nicknascimento,"Dec 17, 2022",47,9
2026-04-07,hNUCZ3k_IFg,100M Offers by Alex Hormozi: Best Takeaways #booksummary #selfhelp #alexhormozi #nicknascimento,"Dec 17, 2022",47,6
2026-04-08,hNUCZ3k_IFg,100M Offers by Alex Hormozi: Best Takeaways #booksummary #selfhelp #alexhormozi #nicknascimento,"Dec 17, 2022",47,3
2026-04-09,hNUCZ3k_IFg,100M Offers by Alex Hormozi: Best Takeaways #booksummary #selfhelp #alexhormozi #nicknascimento,"Dec 17, 2022",47,0
2026-04-10,hNUCZ3k_IFg,100M Offers by Alex Hormozi: Best Takeaways #booksummary #selfhelp #alexhormozi #nicknascimento,"Dec 17, 2022",47,3
2026-04-11,hNUCZ3k_IFg,100M Offers by Alex Hormozi: Best Takeaways #booksummary #selfhelp #alexhormozi #nicknascimento,"Dec 17, 2022",47,3
2026-04-12,hNUCZ3k_IFg,100M Offers by Alex Hormozi: Best Takeaways #booksummary #selfhelp #alexhormozi #nicknascimento,"Dec 17, 2022",47,3
2026-04-13,hNUCZ3k_IFg,100M Offers by Alex Hormozi: Best Takeaways #booksummary #selfhelp #alexhormozi #nicknascimento,"Dec 17, 2022",47,2
2026-04-14,hNUCZ3k_IFg,100M Offers by Alex Hormozi: Best Takeaways #booksummary #selfhelp #alexhormozi #nicknascimento,"Dec 17, 2022",47,1
2026-04-15,hNUCZ3k_IFg,100M Offers by Alex Hormozi: Best Takeaways #booksummary #selfhelp #alexhormozi #nicknascimento,"Dec 17, 2022",47,2
2026-04-16,hNUCZ3k_IFg,100M Offers by Alex Hormozi: Best Takeaways #booksummary #selfhelp #alexhormozi #nicknascimento,"Dec 17, 2022",47,5
2026-04-17,hNUCZ3k_IFg,100M Offers by Alex Hormozi: Best Takeaways #booksummary #selfhelp #alexhormozi #nicknascimento,"Dec 17, 2022",47,6
2026-04-18,hNUCZ3k_IFg,100M Offers by Alex Hormozi: Best Takeaways #booksummary #selfhelp #alexhormozi #nicknascimento,"Dec 17, 2022",47,3
2026-04-19,hNUCZ3k_IFg,100M Offers by Alex Hormozi: Best Takeaways #booksummary #selfhelp #alexhormozi #nicknascimento,"Dec 17, 2022",47,7
2026-04-20,hNUCZ3k_IFg,100M Offers by Alex Hormozi: Best Takeaways #booksummary #selfhelp #alexhormozi #nicknascimento,"Dec 17, 2022",47,7
2026-04-21,hNUCZ3k_IFg,100M Offers by Alex Hormozi: Best Takeaways #booksummary #selfhelp #alexhormozi #nicknascimento,"Dec 17, 2022",47,2
2026-04-22,hNUCZ3k_IFg,100M Offers by Alex Hormozi: Best Takeaways #booksummary #selfhelp #alexhormozi #nicknascimento,"Dec 17, 2022",47,6
2026-04-23,hNUCZ3k_IFg,100M Offers by Alex Hormozi: Best Takeaways #booksummary #selfhelp #alexhormozi #nicknascimento,"Dec 17, 2022",47,4
2026-04-24,hNUCZ3k_IFg,100M Offers by Alex Hormozi: Best Takeaways #booksummary #selfhelp #alexhormozi #nicknascimento,"Dec 17, 2022",47,12
2026-04-25,hNUCZ3k_IFg,100M Offers by Alex Hormozi: Best Takeaways #booksummary #selfhelp #alexhormozi #nicknascimento,"Dec 17, 2022",47,2
2026-04-26,hNUCZ3k_IFg,100M Offers by Alex Hormozi: Best Takeaways #booksummary #selfhelp #alexhormozi #nicknascimento,"Dec 17, 2022",47,7
2026-04-27,hNUCZ3k_IFg,100M Offers by Alex Hormozi: Best Takeaways #booksummary #selfhelp #alexhormozi #nicknascimento,"Dec 17, 2022",47,3
2026-04-28,hNUCZ3k_IFg,100M Offers by Alex Hormozi: Best Takeaways #booksummary #selfhelp #alexhormozi #nicknascimento,"Dec 17, 2022",47,7
2026-04-29,hNUCZ3k_IFg,100M Offers by Alex Hormozi: Best Takeaways #booksummary #selfhelp #alexhormozi #nicknascimento,"Dec 17, 2022",47,1
2026-04-30,hNUCZ3k_IFg,100M Offers by Alex Hormozi: Best Takeaways #booksummary #selfhelp #alexhormozi #nicknascimento,"Dec 17, 2022",47,3
2026-05-01,hNUCZ3k_IFg,100M Offers by Alex Hormozi: Best Takeaways #booksummary #selfhelp #alexhormozi #nicknascimento,"Dec 17, 2022",47,2
2026-05-02,hNUCZ3k_IFg,100M Offers by Alex Hormozi: Best Takeaways #booksummary #selfhelp #alexhormozi #nicknascimento,"Dec 17, 2022",47,5
2026-05-03,hNUCZ3k_IFg,100M Offers by Alex Hormozi: Best Takeaways #booksummary #selfhelp #alexhormozi #nicknascimento,"Dec 17, 2022",47,5
2026-05-04,hNUCZ3k_IFg,100M Offers by Alex Hormozi: Best Takeaways #booksummary #selfhelp #alexhormozi #nicknascimento,"Dec 17, 2022",47,2
2026-05-05,hNUCZ3k_IFg,100M Offers by Alex Hormozi: Best Takeaways #booksummary #selfhelp #alexhormozi #nicknascimento,"Dec 17, 2022",47,3
2026-05-06,hNUCZ3k_IFg,100M Offers by Alex Hormozi: Best Takeaways #booksummary #selfhelp #alexhormozi #nicknascimento,"Dec 17, 2022",47,2
2026-05-07,hNUCZ3k_IFg,100M Offers by Alex Hormozi: Best Takeaways #booksummary #selfhelp #alexhormozi #nicknascimento,"Dec 17, 2022",47,0
2026-05-08,hNUCZ3k_IFg,100M Offers by Alex Hormozi: Best Takeaways #booksummary #selfhelp #alexhormozi #nicknascimento,"Dec 17, 2022",47,5
2026-05-09,hNUCZ3k_IFg,100M Offers by Alex Hormozi: Best Takeaways #booksummary #selfhelp #alexhormozi #nicknascimento,"Dec 17, 2022",47,7
2026-05-10,hNUCZ3k_IFg,100M Offers by Alex Hormozi: Best Takeaways #booksummary #selfhelp #alexhormozi #nicknascimento,"Dec 17, 2022",47,6
2026-05-11,hNUCZ3k_IFg,100M Offers by Alex Hormozi: Best Takeaways #booksummary #selfhelp #alexhormozi #nicknascimento,"Dec 17, 2022",47,5
2026-05-12,hNUCZ3k_IFg,100M Offers by Alex Hormozi: Best Takeaways #booksummary #selfhelp #alexhormozi #nicknascimento,"Dec 17, 2022",47,11
2026-05-13,hNUCZ3k_IFg,100M Offers by Alex Hormozi: Best Takeaways #booksummary #selfhelp #alexhormozi #nicknascimento,"Dec 17, 2022",47,3
2026-05-14,hNUCZ3k_IFg,100M Offers by Alex Hormozi: Best Takeaways #booksummary #selfhelp #alexhormozi #nicknascimento,"Dec 17, 2022",47,5
2026-05-15,hNUCZ3k_IFg,100M Offers by Alex Hormozi: Best Takeaways #booksummary #selfhelp #alexhormozi #nicknascimento,"Dec 17, 2022",47,2
2026-05-16,hNUCZ3k_IFg,100M Offers by Alex Hormozi: Best Takeaways #booksummary #selfhelp #alexhormozi #nicknascimento,"Dec 17, 2022",47,3
2026-05-17,hNUCZ3k_IFg,100M Offers by Alex Hormozi: Best Takeaways #booksummary #selfhelp #alexhormozi #nicknascimento,"Dec 17, 2022",47,0
2026-05-18,hNUCZ3k_IFg,100M Offers by Alex Hormozi: Best Takeaways #booksummary #selfhelp #alexhormozi #nicknascimento,"Dec 17, 2022",47,6
2026-05-19,hNUCZ3k_IFg,100M Offers by Alex Hormozi: Best Takeaways #booksummary #selfhelp #alexhormozi #nicknascimento,"Dec 17, 2022",47,3
2026-05-20,hNUCZ3k_IFg,100M Offers by Alex Hormozi: Best Takeaways #booksummary #selfhelp #alexhormozi #nicknascimento,"Dec 17, 2022",47,2
2026-05-21,hNUCZ3k_IFg,100M Offers by Alex Hormozi: Best Takeaways #booksummary #selfhelp #alexhormozi #nicknascimento,"Dec 17, 2022",47,5
2026-05-22,hNUCZ3k_IFg,100M Offers by Alex Hormozi: Best Takeaways #booksummary #selfhelp #alexhormozi #nicknascimento,"Dec 17, 2022",47,4
2026-05-23,hNUCZ3k_IFg,100M Offers by Alex Hormozi: Best Takeaways #booksummary #selfhelp #alexhormozi #nicknascimento,"Dec 17, 2022",47,6
2026-05-24,hNUCZ3k_IFg,100M Offers by Alex Hormozi: Best Takeaways #booksummary #selfhelp #alexhormozi #nicknascimento,"Dec 17, 2022",47,7
2026-05-25,hNUCZ3k_IFg,100M Offers by Alex Hormozi: Best Takeaways #booksummary #selfhelp #alexhormozi #nicknascimento,"Dec 17, 2022",47,7
2026-05-26,hNUCZ3k_IFg,100M Offers by Alex Hormozi: Best Takeaways #booksummary #selfhelp #alexhormozi #nicknascimento,"Dec 17, 2022",47,2
2026-05-27,hNUCZ3k_IFg,100M Offers by Alex Hormozi: Best Takeaways #booksummary #selfhelp #alexhormozi #nicknascimento,"Dec 17, 2022",47,1
2026-05-28,hNUCZ3k_IFg,100M Offers by Alex Hormozi: Best Takeaways #booksummary #selfhelp #alexhormozi #nicknascimento,"Dec 17, 2022",47,10
2026-05-29,hNUCZ3k_IFg,100M Offers by Alex Hormozi: Best Takeaways #booksummary #selfhelp #alexhormozi #nicknascimento,"Dec 17, 2022",47,6
2026-05-30,hNUCZ3k_IFg,100M Offers by Alex Hormozi: Best Takeaways #booksummary #selfhelp #alexhormozi #nicknascimento,"Dec 17, 2022",47,5
2026-05-31,hNUCZ3k_IFg,100M Offers by Alex Hormozi: Best Takeaways #booksummary #selfhelp #alexhormozi #nicknascimento,"Dec 17, 2022",47,2
2026-06-01,hNUCZ3k_IFg,100M Offers by Alex Hormozi: Best Takeaways #booksummary #selfhelp #alexhormozi #nicknascimento,"Dec 17, 2022",47,4
2026-06-02,hNUCZ3k_IFg,100M Offers by Alex Hormozi: Best Takeaways #booksummary #selfhelp #alexhormozi #nicknascimento,"Dec 17, 2022",47,1
2026-06-03,hNUCZ3k_IFg,100M Offers by Alex Hormozi: Best Takeaways #booksummary #selfhelp #alexhormozi #nicknascimento,"Dec 17, 2022",47,6
2026-06-04,hNUCZ3k_IFg,100M Offers by Alex Hormozi: Best Takeaways #booksummary #selfhelp #alexhormozi #nicknascimento,"Dec 17, 2022",47,3
2026-06-05,hNUCZ3k_IFg,100M Offers by Alex Hormozi: Best Takeaways #booksummary #selfhelp #alexhormozi #nicknascimento,"Dec 17, 2022",47,2
2026-06-06,hNUCZ3k_IFg,100M Offers by Alex Hormozi: Best Takeaways #booksummary #selfhelp #alexhormozi #nicknascimento,"Dec 17, 2022",47,5
2026-06-07,hNUCZ3k_IFg,100M Offers by Alex Hormozi: Best Takeaways #booksummary #selfhelp #alexhormozi #nicknascimento,"Dec 17, 2022",47,3
2026-06-08,hNUCZ3k_IFg,100M Offers by Alex Hormozi: Best Takeaways #booksummary #selfhelp #alexhormozi #nicknascimento,"Dec 17, 2022",47,9
2026-06-09,hNUCZ3k_IFg,100M Offers by Alex Hormozi: Best Takeaways #booksummary #selfhelp #alexhormozi #nicknascimento,"Dec 17, 2022",47,3
2026-06-10,hNUCZ3k_IFg,100M Offers by Alex Hormozi: Best Takeaways #booksummary #selfhelp #alexhormozi #nicknascimento,"Dec 17, 2022",47,7
2026-06-11,hNUCZ3k_IFg,100M Offers by Alex Hormozi: Best Takeaways #booksummary #selfhelp #alexhormozi #nicknascimento,"Dec 17, 2022",47,2
2026-06-12,hNUCZ3k_IFg,100M Offers by Alex Hormozi: Best Takeaways #booksummary #selfhelp #alexhormozi #nicknascimento,"Dec 17, 2022",47,4
2026-06-13,hNUCZ3k_IFg,100M Offers by Alex Hormozi: Best Takeaways #booksummary #selfhelp #alexhormozi #nicknascimento,"Dec 17, 2022",47,6
2026-06-14,hNUCZ3k_IFg,100M Offers by Alex Hormozi: Best Takeaways #booksummary #selfhelp #alexhormozi #nicknascimento,"Dec 17, 2022",47,3
2025-06-15,wnOdNP9VCa8,POV: you do anything for the sale #sales #salestips #business #money #work #books #passion #salesman,"Jun 6, 2026",30,0
2025-06-16,wnOdNP9VCa8,POV: you do anything for the sale #sales #salestips #business #money #work #books #passion #salesman,"Jun 6, 2026",30,0
2025-06-17,wnOdNP9VCa8,POV: you do anything for the sale #sales #salestips #business #money #work #books #passion #salesman,"Jun 6, 2026",30,0
2025-06-18,wnOdNP9VCa8,POV: you do anything for the sale #sales #salestips #business #money #work #books #passion #salesman,"Jun 6, 2026",30,0
2025-06-19,wnOdNP9VCa8,POV: you do anything for the sale #sales #salestips #business #money #work #books #passion #salesman,"Jun 6, 2026",30,0
2025-06-20,wnOdNP9VCa8,POV: you do anything for the sale #sales #salestips #business #money #work #books #passion #salesman,"Jun 6, 2026",30,0
2025-06-21,wnOdNP9VCa8,POV: you do anything for the sale #sales #salestips #business #money #work #books #passion #salesman,"Jun 6, 2026",30,0
2025-06-22,wnOdNP9VCa8,POV: you do anything for the sale #sales #salestips #business #money #work #books #passion #salesman,"Jun 6, 2026",30,0
2025-06-23,wnOdNP9VCa8,POV: you do anything for the sale #sales #salestips #business #money #work #books #passion #salesman,"Jun 6, 2026",30,0
2025-06-24,wnOdNP9VCa8,POV: you do anything for the sale #sales #salestips #business #money #work #books #passion #salesman,"Jun 6, 2026",30,0
2025-06-25,wnOdNP9VCa8,POV: you do anything for the sale #sales #salestips #business #money #work #books #passion #salesman,"Jun 6, 2026",30,0
2025-06-26,wnOdNP9VCa8,POV: you do anything for the sale #sales #salestips #business #money #work #books #passion #salesman,"Jun 6, 2026",30,0
2025-06-27,wnOdNP9VCa8,POV: you do anything for the sale #sales #salestips #business #money #work #books #passion #salesman,"Jun 6, 2026",30,0
2025-06-28,wnOdNP9VCa8,POV: you do anything for the sale #sales #salestips #business #money #work #books #passion #salesman,"Jun 6, 2026",30,0
2025-06-29,wnOdNP9VCa8,POV: you do anything for the sale #sales #salestips #business #money #work #books #passion #salesman,"Jun 6, 2026",30,0
2025-06-30,wnOdNP9VCa8,POV: you do anything for the sale #sales #salestips #business #money #work #books #passion #salesman,"Jun 6, 2026",30,0
2025-07-01,wnOdNP9VCa8,POV: you do anything for the sale #sales #salestips #business #money #work #books #passion #salesman,"Jun 6, 2026",30,0
2025-07-02,wnOdNP9VCa8,POV: you do anything for the sale #sales #salestips #business #money #work #books #passion #salesman,"Jun 6, 2026",30,0
2025-07-03,wnOdNP9VCa8,POV: you do anything for the sale #sales #salestips #business #money #work #books #passion #salesman,"Jun 6, 2026",30,0
2025-07-04,wnOdNP9VCa8,POV: you do anything for the sale #sales #salestips #business #money #work #books #passion #salesman,"Jun 6, 2026",30,0
2025-07-05,wnOdNP9VCa8,POV: you do anything for the sale #sales #salestips #business #money #work #books #passion #salesman,"Jun 6, 2026",30,0
2025-07-06,wnOdNP9VCa8,POV: you do anything for the sale #sales #salestips #business #money #work #books #passion #salesman,"Jun 6, 2026",30,0
2025-07-07,wnOdNP9VCa8,POV: you do anything for the sale #sales #salestips #business #money #work #books #passion #salesman,"Jun 6, 2026",30,0
2025-07-08,wnOdNP9VCa8,POV: you do anything for the sale #sales #salestips #business #money #work #books #passion #salesman,"Jun 6, 2026",30,0
2025-07-09,wnOdNP9VCa8,POV: you do anything for the sale #sales #salestips #business #money #work #books #passion #salesman,"Jun 6, 2026",30,0
2025-07-10,wnOdNP9VCa8,POV: you do anything for the sale #sales #salestips #business #money #work #books #passion #salesman,"Jun 6, 2026",30,0
2025-07-11,wnOdNP9VCa8,POV: you do anything for the sale #sales #salestips #business #money #work #books #passion #salesman,"Jun 6, 2026",30,0
2025-07-12,wnOdNP9VCa8,POV: you do anything for the sale #sales #salestips #business #money #work #books #passion #salesman,"Jun 6, 2026",30,0
2025-07-13,wnOdNP9VCa8,POV: you do anything for the sale #sales #salestips #business #money #work #books #passion #salesman,"Jun 6, 2026",30,0
2025-07-14,wnOdNP9VCa8,POV: you do anything for the sale #sales #salestips #business #money #work #books #passion #salesman,"Jun 6, 2026",30,0
2025-07-15,wnOdNP9VCa8,POV: you do anything for the sale #sales #salestips #business #money #work #books #passion #salesman,"Jun 6, 2026",30,0
2025-07-16,wnOdNP9VCa8,POV: you do anything for the sale #sales #salestips #business #money #work #books #passion #salesman,"Jun 6, 2026",30,0
2025-07-17,wnOdNP9VCa8,POV: you do anything for the sale #sales #salestips #business #money #work #books #passion #salesman,"Jun 6, 2026",30,0
2025-07-18,wnOdNP9VCa8,POV: you do anything for the sale #sales #salestips #business #money #work #books #passion #salesman,"Jun 6, 2026",30,0
2025-07-19,wnOdNP9VCa8,POV: you do anything for the sale #sales #salestips #business #money #work #books #passion #salesman,"Jun 6, 2026",30,0
2025-07-20,wnOdNP9VCa8,POV: you do anything for the sale #sales #salestips #business #money #work #books #passion #salesman,"Jun 6, 2026",30,0
2025-07-21,wnOdNP9VCa8,POV: you do anything for the sale #sales #salestips #business #money #work #books #passion #salesman,"Jun 6, 2026",30,0
2025-07-22,wnOdNP9VCa8,POV: you do anything for the sale #sales #salestips #business #money #work #books #passion #salesman,"Jun 6, 2026",30,0
2025-07-23,wnOdNP9VCa8,POV: you do anything for the sale #sales #salestips #business #money #work #books #passion #salesman,"Jun 6, 2026",30,0
2025-07-24,wnOdNP9VCa8,POV: you do anything for the sale #sales #salestips #business #money #work #books #passion #salesman,"Jun 6, 2026",30,0
2025-07-25,wnOdNP9VCa8,POV: you do anything for the sale #sales #salestips #business #money #work #books #passion #salesman,"Jun 6, 2026",30,0
2025-07-26,wnOdNP9VCa8,POV: you do anything for the sale #sales #salestips #business #money #work #books #passion #salesman,"Jun 6, 2026",30,0
2025-07-27,wnOdNP9VCa8,POV: you do anything for the sale #sales #salestips #business #money #work #books #passion #salesman,"Jun 6, 2026",30,0
2025-07-28,wnOdNP9VCa8,POV: you do anything for the sale #sales #salestips #business #money #work #books #passion #salesman,"Jun 6, 2026",30,0
2025-07-29,wnOdNP9VCa8,POV: you do anything for the sale #sales #salestips #business #money #work #books #passion #salesman,"Jun 6, 2026",30,0
2025-07-30,wnOdNP9VCa8,POV: you do anything for the sale #sales #salestips #business #money #work #books #passion #salesman,"Jun 6, 2026",30,0
2025-07-31,wnOdNP9VCa8,POV: you do anything for the sale #sales #salestips #business #money #work #books #passion #salesman,"Jun 6, 2026",30,0
2025-08-01,wnOdNP9VCa8,POV: you do anything for the sale #sales #salestips #business #money #work #books #passion #salesman,"Jun 6, 2026",30,0
2025-08-02,wnOdNP9VCa8,POV: you do anything for the sale #sales #salestips #business #money #work #books #passion #salesman,"Jun 6, 2026",30,0
2025-08-03,wnOdNP9VCa8,POV: you do anything for the sale #sales #salestips #business #money #work #books #passion #salesman,"Jun 6, 2026",30,0
2025-08-04,wnOdNP9VCa8,POV: you do anything for the sale #sales #salestips #business #money #work #books #passion #salesman,"Jun 6, 2026",30,0
2025-08-05,wnOdNP9VCa8,POV: you do anything for the sale #sales #salestips #business #money #work #books #passion #salesman,"Jun 6, 2026",30,0
2025-08-06,wnOdNP9VCa8,POV: you do anything for the sale #sales #salestips #business #money #work #books #passion #salesman,"Jun 6, 2026",30,0
2025-08-07,wnOdNP9VCa8,POV: you do anything for the sale #sales #salestips #business #money #work #books #passion #salesman,"Jun 6, 2026",30,0
2025-08-08,wnOdNP9VCa8,POV: you do anything for the sale #sales #salestips #business #money #work #books #passion #salesman,"Jun 6, 2026",30,0
2025-08-09,wnOdNP9VCa8,POV: you do anything for the sale #sales #salestips #business #money #work #books #passion #salesman,"Jun 6, 2026",30,0
2025-08-10,wnOdNP9VCa8,POV: you do anything for the sale #sales #salestips #business #money #work #books #passion #salesman,"Jun 6, 2026",30,0
2025-08-11,wnOdNP9VCa8,POV: you do anything for the sale #sales #salestips #business #money #work #books #passion #salesman,"Jun 6, 2026",30,0
2025-08-12,wnOdNP9VCa8,POV: you do anything for the sale #sales #salestips #business #money #work #books #passion #salesman,"Jun 6, 2026",30,0
2025-08-13,wnOdNP9VCa8,POV: you do anything for the sale #sales #salestips #business #money #work #books #passion #salesman,"Jun 6, 2026",30,0
2025-08-14,wnOdNP9VCa8,POV: you do anything for the sale #sales #salestips #business #money #work #books #passion #salesman,"Jun 6, 2026",30,0
2025-08-15,wnOdNP9VCa8,POV: you do anything for the sale #sales #salestips #business #money #work #books #passion #salesman,"Jun 6, 2026",30,0
2025-08-16,wnOdNP9VCa8,POV: you do anything for the sale #sales #salestips #business #money #work #books #passion #salesman,"Jun 6, 2026",30,0
2025-08-17,wnOdNP9VCa8,POV: you do anything for the sale #sales #salestips #business #money #work #books #passion #salesman,"Jun 6, 2026",30,0
2025-08-18,wnOdNP9VCa8,POV: you do anything for the sale #sales #salestips #business #money #work #books #passion #salesman,"Jun 6, 2026",30,0
2025-08-19,wnOdNP9VCa8,POV: you do anything for the sale #sales #salestips #business #money #work #books #passion #salesman,"Jun 6, 2026",30,0
2025-08-20,wnOdNP9VCa8,POV: you do anything for the sale #sales #salestips #business #money #work #books #passion #salesman,"Jun 6, 2026",30,0
2025-08-21,wnOdNP9VCa8,POV: you do anything for the sale #sales #salestips #business #money #work #books #passion #salesman,"Jun 6, 2026",30,0
2025-08-22,wnOdNP9VCa8,POV: you do anything for the sale #sales #salestips #business #money #work #books #passion #salesman,"Jun 6, 2026",30,0
2025-08-23,wnOdNP9VCa8,POV: you do anything for the sale #sales #salestips #business #money #work #books #passion #salesman,"Jun 6, 2026",30,0
2025-08-24,wnOdNP9VCa8,POV: you do anything for the sale #sales #salestips #business #money #work #books #passion #salesman,"Jun 6, 2026",30,0
2025-08-25,wnOdNP9VCa8,POV: you do anything for the sale #sales #salestips #business #money #work #books #passion #salesman,"Jun 6, 2026",30,0
2025-08-26,wnOdNP9VCa8,POV: you do anything for the sale #sales #salestips #business #money #work #books #passion #salesman,"Jun 6, 2026",30,0
2025-08-27,wnOdNP9VCa8,POV: you do anything for the sale #sales #salestips #business #money #work #books #passion #salesman,"Jun 6, 2026",30,0
2025-08-28,wnOdNP9VCa8,POV: you do anything for the sale #sales #salestips #business #money #work #books #passion #salesman,"Jun 6, 2026",30,0
2025-08-29,wnOdNP9VCa8,POV: you do anything for the sale #sales #salestips #business #money #work #books #passion #salesman,"Jun 6, 2026",30,0
2025-08-30,wnOdNP9VCa8,POV: you do anything for the sale #sales #salestips #business #money #work #books #passion #salesman,"Jun 6, 2026",30,0
2025-08-31,wnOdNP9VCa8,POV: you do anything for the sale #sales #salestips #business #money #work #books #passion #salesman,"Jun 6, 2026",30,0
2025-09-01,wnOdNP9VCa8,POV: you do anything for the sale #sales #salestips #business #money #work #books #passion #salesman,"Jun 6, 2026",30,0
2025-09-02,wnOdNP9VCa8,POV: you do anything for the sale #sales #salestips #business #money #work #books #passion #salesman,"Jun 6, 2026",30,0
2025-09-03,wnOdNP9VCa8,POV: you do anything for the sale #sales #salestips #business #money #work #books #passion #salesman,"Jun 6, 2026",30,0
2025-09-04,wnOdNP9VCa8,POV: you do anything for the sale #sales #salestips #business #money #work #books #passion #salesman,"Jun 6, 2026",30,0
2025-09-05,wnOdNP9VCa8,POV: you do anything for the sale #sales #salestips #business #money #work #books #passion #salesman,"Jun 6, 2026",30,0
2025-09-06,wnOdNP9VCa8,POV: you do anything for the sale #sales #salestips #business #money #work #books #passion #salesman,"Jun 6, 2026",30,0
2025-09-07,wnOdNP9VCa8,POV: you do anything for the sale #sales #salestips #business #money #work #books #passion #salesman,"Jun 6, 2026",30,0
2025-09-08,wnOdNP9VCa8,POV: you do anything for the sale #sales #salestips #business #money #work #books #passion #salesman,"Jun 6, 2026",30,0
2025-09-09,wnOdNP9VCa8,POV: you do anything for the sale #sales #salestips #business #money #work #books #passion #salesman,"Jun 6, 2026",30,0
2025-09-10,wnOdNP9VCa8,POV: you do anything for the sale #sales #salestips #business #money #work #books #passion #salesman,"Jun 6, 2026",30,0
2025-09-11,wnOdNP9VCa8,POV: you do anything for the sale #sales #salestips #business #money #work #books #passion #salesman,"Jun 6, 2026",30,0
2025-09-12,wnOdNP9VCa8,POV: you do anything for the sale #sales #salestips #business #money #work #books #passion #salesman,"Jun 6, 2026",30,0
2025-09-13,wnOdNP9VCa8,POV: you do anything for the sale #sales #salestips #business #money #work #books #passion #salesman,"Jun 6, 2026",30,0
2025-09-14,wnOdNP9VCa8,POV: you do anything for the sale #sales #salestips #business #money #work #books #passion #salesman,"Jun 6, 2026",30,0
2025-09-15,wnOdNP9VCa8,POV: you do anything for the sale #sales #salestips #business #money #work #books #passion #salesman,"Jun 6, 2026",30,0
2025-09-16,wnOdNP9VCa8,POV: you do anything for the sale #sales #salestips #business #money #work #books #passion #salesman,"Jun 6, 2026",30,0
2025-09-17,wnOdNP9VCa8,POV: you do anything for the sale #sales #salestips #business #money #work #books #passion #salesman,"Jun 6, 2026",30,0
2025-09-18,wnOdNP9VCa8,POV: you do anything for the sale #sales #salestips #business #money #work #books #passion #salesman,"Jun 6, 2026",30,0
2025-09-19,wnOdNP9VCa8,POV: you do anything for the sale #sales #salestips #business #money #work #books #passion #salesman,"Jun 6, 2026",30,0
2025-09-20,wnOdNP9VCa8,POV: you do anything for the sale #sales #salestips #business #money #work #books #passion #salesman,"Jun 6, 2026",30,0
2025-09-21,wnOdNP9VCa8,POV: you do anything for the sale #sales #salestips #business #money #work #books #passion #salesman,"Jun 6, 2026",30,0
2025-09-22,wnOdNP9VCa8,POV: you do anything for the sale #sales #salestips #business #money #work #books #passion #salesman,"Jun 6, 2026",30,0
2025-09-23,wnOdNP9VCa8,POV: you do anything for the sale #sales #salestips #business #money #work #books #passion #salesman,"Jun 6, 2026",30,0
2025-09-24,wnOdNP9VCa8,POV: you do anything for the sale #sales #salestips #business #money #work #books #passion #salesman,"Jun 6, 2026",30,0
2025-09-25,wnOdNP9VCa8,POV: you do anything for the sale #sales #salestips #business #money #work #books #passion #salesman,"Jun 6, 2026",30,0
2025-09-26,wnOdNP9VCa8,POV: you do anything for the sale #sales #salestips #business #money #work #books #passion #salesman,"Jun 6, 2026",30,0
2025-09-27,wnOdNP9VCa8,POV: you do anything for the sale #sales #salestips #business #money #work #books #passion #salesman,"Jun 6, 2026",30,0
2025-09-28,wnOdNP9VCa8,POV: you do anything for the sale #sales #salestips #business #money #work #books #passion #salesman,"Jun 6, 2026",30,0
2025-09-29,wnOdNP9VCa8,POV: you do anything for the sale #sales #salestips #business #money #work #books #passion #salesman,"Jun 6, 2026",30,0
2025-09-30,wnOdNP9VCa8,POV: you do anything for the sale #sales #salestips #business #money #work #books #passion #salesman,"Jun 6, 2026",30,0
2025-10-01,wnOdNP9VCa8,POV: you do anything for the sale #sales #salestips #business #money #work #books #passion #salesman,"Jun 6, 2026",30,0
2025-10-02,wnOdNP9VCa8,POV: you do anything for the sale #sales #salestips #business #money #work #books #passion #salesman,"Jun 6, 2026",30,0
2025-10-03,wnOdNP9VCa8,POV: you do anything for the sale #sales #salestips #business #money #work #books #passion #salesman,"Jun 6, 2026",30,0
2025-10-04,wnOdNP9VCa8,POV: you do anything for the sale #sales #salestips #business #money #work #books #passion #salesman,"Jun 6, 2026",30,0
2025-10-05,wnOdNP9VCa8,POV: you do anything for the sale #sales #salestips #business #money #work #books #passion #salesman,"Jun 6, 2026",30,0
2025-10-06,wnOdNP9VCa8,POV: you do anything for the sale #sales #salestips #business #money #work #books #passion #salesman,"Jun 6, 2026",30,0
2025-10-07,wnOdNP9VCa8,POV: you do anything for the sale #sales #salestips #business #money #work #books #passion #salesman,"Jun 6, 2026",30,0
2025-10-08,wnOdNP9VCa8,POV: you do anything for the sale #sales #salestips #business #money #work #books #passion #salesman,"Jun 6, 2026",30,0
2025-10-09,wnOdNP9VCa8,POV: you do anything for the sale #sales #salestips #business #money #work #books #passion #salesman,"Jun 6, 2026",30,0
2025-10-10,wnOdNP9VCa8,POV: you do anything for the sale #sales #salestips #business #money #work #books #passion #salesman,"Jun 6, 2026",30,0
2025-10-11,wnOdNP9VCa8,POV: you do anything for the sale #sales #salestips #business #money #work #books #passion #salesman,"Jun 6, 2026",30,0
2025-10-12,wnOdNP9VCa8,POV: you do anything for the sale #sales #salestips #business #money #work #books #passion #salesman,"Jun 6, 2026",30,0
2025-10-13,wnOdNP9VCa8,POV: you do anything for the sale #sales #salestips #business #money #work #books #passion #salesman,"Jun 6, 2026",30,0
2025-10-14,wnOdNP9VCa8,POV: you do anything for the sale #sales #salestips #business #money #work #books #passion #salesman,"Jun 6, 2026",30,0
2025-10-15,wnOdNP9VCa8,POV: you do anything for the sale #sales #salestips #business #money #work #books #passion #salesman,"Jun 6, 2026",30,0
2025-10-16,wnOdNP9VCa8,POV: you do anything for the sale #sales #salestips #business #money #work #books #passion #salesman,"Jun 6, 2026",30,0
2025-10-17,wnOdNP9VCa8,POV: you do anything for the sale #sales #salestips #business #money #work #books #passion #salesman,"Jun 6, 2026",30,0
2025-10-18,wnOdNP9VCa8,POV: you do anything for the sale #sales #salestips #business #money #work #books #passion #salesman,"Jun 6, 2026",30,0
2025-10-19,wnOdNP9VCa8,POV: you do anything for the sale #sales #salestips #business #money #work #books #passion #salesman,"Jun 6, 2026",30,0
2025-10-20,wnOdNP9VCa8,POV: you do anything for the sale #sales #salestips #business #money #work #books #passion #salesman,"Jun 6, 2026",30,0
2025-10-21,wnOdNP9VCa8,POV: you do anything for the sale #sales #salestips #business #money #work #books #passion #salesman,"Jun 6, 2026",30,0
2025-10-22,wnOdNP9VCa8,POV: you do anything for the sale #sales #salestips #business #money #work #books #passion #salesman,"Jun 6, 2026",30,0
2025-10-23,wnOdNP9VCa8,POV: you do anything for the sale #sales #salestips #business #money #work #books #passion #salesman,"Jun 6, 2026",30,0
2025-10-24,wnOdNP9VCa8,POV: you do anything for the sale #sales #salestips #business #money #work #books #passion #salesman,"Jun 6, 2026",30,0
2025-10-25,wnOdNP9VCa8,POV: you do anything for the sale #sales #salestips #business #money #work #books #passion #salesman,"Jun 6, 2026",30,0
2025-10-26,wnOdNP9VCa8,POV: you do anything for the sale #sales #salestips #business #money #work #books #passion #salesman,"Jun 6, 2026",30,0
2025-10-27,wnOdNP9VCa8,POV: you do anything for the sale #sales #salestips #business #money #work #books #passion #salesman,"Jun 6, 2026",30,0
2025-10-28,wnOdNP9VCa8,POV: you do anything for the sale #sales #salestips #business #money #work #books #passion #salesman,"Jun 6, 2026",30,0
2025-10-29,wnOdNP9VCa8,POV: you do anything for the sale #sales #salestips #business #money #work #books #passion #salesman,"Jun 6, 2026",30,0
2025-10-30,wnOdNP9VCa8,POV: you do anything for the sale #sales #salestips #business #money #work #books #passion #salesman,"Jun 6, 2026",30,0
2025-10-31,wnOdNP9VCa8,POV: you do anything for the sale #sales #salestips #business #money #work #books #passion #salesman,"Jun 6, 2026",30,0
2025-11-01,wnOdNP9VCa8,POV: you do anything for the sale #sales #salestips #business #money #work #books #passion #salesman,"Jun 6, 2026",30,0
2025-11-02,wnOdNP9VCa8,POV: you do anything for the sale #sales #salestips #business #money #work #books #passion #salesman,"Jun 6, 2026",30,0
2025-11-03,wnOdNP9VCa8,POV: you do anything for the sale #sales #salestips #business #money #work #books #passion #salesman,"Jun 6, 2026",30,0
2025-11-04,wnOdNP9VCa8,POV: you do anything for the sale #sales #salestips #business #money #work #books #passion #salesman,"Jun 6, 2026",30,0
2025-11-05,wnOdNP9VCa8,POV: you do anything for the sale #sales #salestips #business #money #work #books #passion #salesman,"Jun 6, 2026",30,0
2025-11-06,wnOdNP9VCa8,POV: you do anything for the sale #sales #salestips #business #money #work #books #passion #salesman,"Jun 6, 2026",30,0
2025-11-07,wnOdNP9VCa8,POV: you do anything for the sale #sales #salestips #business #money #work #books #passion #salesman,"Jun 6, 2026",30,0
2025-11-08,wnOdNP9VCa8,POV: you do anything for the sale #sales #salestips #business #money #work #books #passion #salesman,"Jun 6, 2026",30,0
2025-11-09,wnOdNP9VCa8,POV: you do anything for the sale #sales #salestips #business #money #work #books #passion #salesman,"Jun 6, 2026",30,0
2025-11-10,wnOdNP9VCa8,POV: you do anything for the sale #sales #salestips #business #money #work #books #passion #salesman,"Jun 6, 2026",30,0
2025-11-11,wnOdNP9VCa8,POV: you do anything for the sale #sales #salestips #business #money #work #books #passion #salesman,"Jun 6, 2026",30,0
2025-11-12,wnOdNP9VCa8,POV: you do anything for the sale #sales #salestips #business #money #work #books #passion #salesman,"Jun 6, 2026",30,0
2025-11-13,wnOdNP9VCa8,POV: you do anything for the sale #sales #salestips #business #money #work #books #passion #salesman,"Jun 6, 2026",30,0
2025-11-14,wnOdNP9VCa8,POV: you do anything for the sale #sales #salestips #business #money #work #books #passion #salesman,"Jun 6, 2026",30,0
2025-11-15,wnOdNP9VCa8,POV: you do anything for the sale #sales #salestips #business #money #work #books #passion #salesman,"Jun 6, 2026",30,0
2025-11-16,wnOdNP9VCa8,POV: you do anything for the sale #sales #salestips #business #money #work #books #passion #salesman,"Jun 6, 2026",30,0
2025-11-17,wnOdNP9VCa8,POV: you do anything for the sale #sales #salestips #business #money #work #books #passion #salesman,"Jun 6, 2026",30,0
2025-11-18,wnOdNP9VCa8,POV: you do anything for the sale #sales #salestips #business #money #work #books #passion #salesman,"Jun 6, 2026",30,0
2025-11-19,wnOdNP9VCa8,POV: you do anything for the sale #sales #salestips #business #money #work #books #passion #salesman,"Jun 6, 2026",30,0
2025-11-20,wnOdNP9VCa8,POV: you do anything for the sale #sales #salestips #business #money #work #books #passion #salesman,"Jun 6, 2026",30,0
2025-11-21,wnOdNP9VCa8,POV: you do anything for the sale #sales #salestips #business #money #work #books #passion #salesman,"Jun 6, 2026",30,0
2025-11-22,wnOdNP9VCa8,POV: you do anything for the sale #sales #salestips #business #money #work #books #passion #salesman,"Jun 6, 2026",30,0
2025-11-23,wnOdNP9VCa8,POV: you do anything for the sale #sales #salestips #business #money #work #books #passion #salesman,"Jun 6, 2026",30,0
2025-11-24,wnOdNP9VCa8,POV: you do anything for the sale #sales #salestips #business #money #work #books #passion #salesman,"Jun 6, 2026",30,0
2025-11-25,wnOdNP9VCa8,POV: you do anything for the sale #sales #salestips #business #money #work #books #passion #salesman,"Jun 6, 2026",30,0
2025-11-26,wnOdNP9VCa8,POV: you do anything for the sale #sales #salestips #business #money #work #books #passion #salesman,"Jun 6, 2026",30,0
2025-11-27,wnOdNP9VCa8,POV: you do anything for the sale #sales #salestips #business #money #work #books #passion #salesman,"Jun 6, 2026",30,0
2025-11-28,wnOdNP9VCa8,POV: you do anything for the sale #sales #salestips #business #money #work #books #passion #salesman,"Jun 6, 2026",30,0
2025-11-29,wnOdNP9VCa8,POV: you do anything for the sale #sales #salestips #business #money #work #books #passion #salesman,"Jun 6, 2026",30,0
2025-11-30,wnOdNP9VCa8,POV: you do anything for the sale #sales #salestips #business #money #work #books #passion #salesman,"Jun 6, 2026",30,0
2025-12-01,wnOdNP9VCa8,POV: you do anything for the sale #sales #salestips #business #money #work #books #passion #salesman,"Jun 6, 2026",30,0
2025-12-02,wnOdNP9VCa8,POV: you do anything for the sale #sales #salestips #business #money #work #books #passion #salesman,"Jun 6, 2026",30,0
2025-12-03,wnOdNP9VCa8,POV: you do anything for the sale #sales #salestips #business #money #work #books #passion #salesman,"Jun 6, 2026",30,0
2025-12-04,wnOdNP9VCa8,POV: you do anything for the sale #sales #salestips #business #money #work #books #passion #salesman,"Jun 6, 2026",30,0
2025-12-05,wnOdNP9VCa8,POV: you do anything for the sale #sales #salestips #business #money #work #books #passion #salesman,"Jun 6, 2026",30,0
2025-12-06,wnOdNP9VCa8,POV: you do anything for the sale #sales #salestips #business #money #work #books #passion #salesman,"Jun 6, 2026",30,0
2025-12-07,wnOdNP9VCa8,POV: you do anything for the sale #sales #salestips #business #money #work #books #passion #salesman,"Jun 6, 2026",30,0
2025-12-08,wnOdNP9VCa8,POV: you do anything for the sale #sales #salestips #business #money #work #books #passion #salesman,"Jun 6, 2026",30,0
2025-12-09,wnOdNP9VCa8,POV: you do anything for the sale #sales #salestips #business #money #work #books #passion #salesman,"Jun 6, 2026",30,0
2025-12-10,wnOdNP9VCa8,POV: you do anything for the sale #sales #salestips #business #money #work #books #passion #salesman,"Jun 6, 2026",30,0
2025-12-11,wnOdNP9VCa8,POV: you do anything for the sale #sales #salestips #business #money #work #books #passion #salesman,"Jun 6, 2026",30,0
2025-12-12,wnOdNP9VCa8,POV: you do anything for the sale #sales #salestips #business #money #work #books #passion #salesman,"Jun 6, 2026",30,0
2025-12-13,wnOdNP9VCa8,POV: you do anything for the sale #sales #salestips #business #money #work #books #passion #salesman,"Jun 6, 2026",30,0
2025-12-14,wnOdNP9VCa8,POV: you do anything for the sale #sales #salestips #business #money #work #books #passion #salesman,"Jun 6, 2026",30,0
2025-12-15,wnOdNP9VCa8,POV: you do anything for the sale #sales #salestips #business #money #work #books #passion #salesman,"Jun 6, 2026",30,0
2025-12-16,wnOdNP9VCa8,POV: you do anything for the sale #sales #salestips #business #money #work #books #passion #salesman,"Jun 6, 2026",30,0
2025-12-17,wnOdNP9VCa8,POV: you do anything for the sale #sales #salestips #business #money #work #books #passion #salesman,"Jun 6, 2026",30,0
2025-12-18,wnOdNP9VCa8,POV: you do anything for the sale #sales #salestips #business #money #work #books #passion #salesman,"Jun 6, 2026",30,0
2025-12-19,wnOdNP9VCa8,POV: you do anything for the sale #sales #salestips #business #money #work #books #passion #salesman,"Jun 6, 2026",30,0
2025-12-20,wnOdNP9VCa8,POV: you do anything for the sale #sales #salestips #business #money #work #books #passion #salesman,"Jun 6, 2026",30,0
2025-12-21,wnOdNP9VCa8,POV: you do anything for the sale #sales #salestips #business #money #work #books #passion #salesman,"Jun 6, 2026",30,0
2025-12-22,wnOdNP9VCa8,POV: you do anything for the sale #sales #salestips #business #money #work #books #passion #salesman,"Jun 6, 2026",30,0
2025-12-23,wnOdNP9VCa8,POV: you do anything for the sale #sales #salestips #business #money #work #books #passion #salesman,"Jun 6, 2026",30,0
2025-12-24,wnOdNP9VCa8,POV: you do anything for the sale #sales #salestips #business #money #work #books #passion #salesman,"Jun 6, 2026",30,0
2025-12-25,wnOdNP9VCa8,POV: you do anything for the sale #sales #salestips #business #money #work #books #passion #salesman,"Jun 6, 2026",30,0
2025-12-26,wnOdNP9VCa8,POV: you do anything for the sale #sales #salestips #business #money #work #books #passion #salesman,"Jun 6, 2026",30,0
2025-12-27,wnOdNP9VCa8,POV: you do anything for the sale #sales #salestips #business #money #work #books #passion #salesman,"Jun 6, 2026",30,0
2025-12-28,wnOdNP9VCa8,POV: you do anything for the sale #sales #salestips #business #money #work #books #passion #salesman,"Jun 6, 2026",30,0
2025-12-29,wnOdNP9VCa8,POV: you do anything for the sale #sales #salestips #business #money #work #books #passion #salesman,"Jun 6, 2026",30,0
2025-12-30,wnOdNP9VCa8,POV: you do anything for the sale #sales #salestips #business #money #work #books #passion #salesman,"Jun 6, 2026",30,0
2025-12-31,wnOdNP9VCa8,POV: you do anything for the sale #sales #salestips #business #money #work #books #passion #salesman,"Jun 6, 2026",30,0
2026-01-01,wnOdNP9VCa8,POV: you do anything for the sale #sales #salestips #business #money #work #books #passion #salesman,"Jun 6, 2026",30,0
2026-01-02,wnOdNP9VCa8,POV: you do anything for the sale #sales #salestips #business #money #work #books #passion #salesman,"Jun 6, 2026",30,0
2026-01-03,wnOdNP9VCa8,POV: you do anything for the sale #sales #salestips #business #money #work #books #passion #salesman,"Jun 6, 2026",30,0
2026-01-04,wnOdNP9VCa8,POV: you do anything for the sale #sales #salestips #business #money #work #books #passion #salesman,"Jun 6, 2026",30,0
2026-01-05,wnOdNP9VCa8,POV: you do anything for the sale #sales #salestips #business #money #work #books #passion #salesman,"Jun 6, 2026",30,0
2026-01-06,wnOdNP9VCa8,POV: you do anything for the sale #sales #salestips #business #money #work #books #passion #salesman,"Jun 6, 2026",30,0
2026-01-07,wnOdNP9VCa8,POV: you do anything for the sale #sales #salestips #business #money #work #books #passion #salesman,"Jun 6, 2026",30,0
2026-01-08,wnOdNP9VCa8,POV: you do anything for the sale #sales #salestips #business #money #work #books #passion #salesman,"Jun 6, 2026",30,0
2026-01-09,wnOdNP9VCa8,POV: you do anything for the sale #sales #salestips #business #money #work #books #passion #salesman,"Jun 6, 2026",30,0
2026-01-10,wnOdNP9VCa8,POV: you do anything for the sale #sales #salestips #business #money #work #books #passion #salesman,"Jun 6, 2026",30,0
2026-01-11,wnOdNP9VCa8,POV: you do anything for the sale #sales #salestips #business #money #work #books #passion #salesman,"Jun 6, 2026",30,0
2026-01-12,wnOdNP9VCa8,POV: you do anything for the sale #sales #salestips #business #money #work #books #passion #salesman,"Jun 6, 2026",30,0
2026-01-13,wnOdNP9VCa8,POV: you do anything for the sale #sales #salestips #business #money #work #books #passion #salesman,"Jun 6, 2026",30,0
2026-01-14,wnOdNP9VCa8,POV: you do anything for the sale #sales #salestips #business #money #work #books #passion #salesman,"Jun 6, 2026",30,0
2026-01-15,wnOdNP9VCa8,POV: you do anything for the sale #sales #salestips #business #money #work #books #passion #salesman,"Jun 6, 2026",30,0
2026-01-16,wnOdNP9VCa8,POV: you do anything for the sale #sales #salestips #business #money #work #books #passion #salesman,"Jun 6, 2026",30,0
2026-01-17,wnOdNP9VCa8,POV: you do anything for the sale #sales #salestips #business #money #work #books #passion #salesman,"Jun 6, 2026",30,0
2026-01-18,wnOdNP9VCa8,POV: you do anything for the sale #sales #salestips #business #money #work #books #passion #salesman,"Jun 6, 2026",30,0
2026-01-19,wnOdNP9VCa8,POV: you do anything for the sale #sales #salestips #business #money #work #books #passion #salesman,"Jun 6, 2026",30,0
2026-01-20,wnOdNP9VCa8,POV: you do anything for the sale #sales #salestips #business #money #work #books #passion #salesman,"Jun 6, 2026",30,0
2026-01-21,wnOdNP9VCa8,POV: you do anything for the sale #sales #salestips #business #money #work #books #passion #salesman,"Jun 6, 2026",30,0
2026-01-22,wnOdNP9VCa8,POV: you do anything for the sale #sales #salestips #business #money #work #books #passion #salesman,"Jun 6, 2026",30,0
2026-01-23,wnOdNP9VCa8,POV: you do anything for the sale #sales #salestips #business #money #work #books #passion #salesman,"Jun 6, 2026",30,0
2026-01-24,wnOdNP9VCa8,POV: you do anything for the sale #sales #salestips #business #money #work #books #passion #salesman,"Jun 6, 2026",30,0
2026-01-25,wnOdNP9VCa8,POV: you do anything for the sale #sales #salestips #business #money #work #books #passion #salesman,"Jun 6, 2026",30,0
2026-01-26,wnOdNP9VCa8,POV: you do anything for the sale #sales #salestips #business #money #work #books #passion #salesman,"Jun 6, 2026",30,0
2026-01-27,wnOdNP9VCa8,POV: you do anything for the sale #sales #salestips #business #money #work #books #passion #salesman,"Jun 6, 2026",30,0
2026-01-28,wnOdNP9VCa8,POV: you do anything for the sale #sales #salestips #business #money #work #books #passion #salesman,"Jun 6, 2026",30,0
2026-01-29,wnOdNP9VCa8,POV: you do anything for the sale #sales #salestips #business #money #work #books #passion #salesman,"Jun 6, 2026",30,0
2026-01-30,wnOdNP9VCa8,POV: you do anything for the sale #sales #salestips #business #money #work #books #passion #salesman,"Jun 6, 2026",30,0
2026-01-31,wnOdNP9VCa8,POV: you do anything for the sale #sales #salestips #business #money #work #books #passion #salesman,"Jun 6, 2026",30,0
2026-02-01,wnOdNP9VCa8,POV: you do anything for the sale #sales #salestips #business #money #work #books #passion #salesman,"Jun 6, 2026",30,0
2026-02-02,wnOdNP9VCa8,POV: you do anything for the sale #sales #salestips #business #money #work #books #passion #salesman,"Jun 6, 2026",30,0
2026-02-03,wnOdNP9VCa8,POV: you do anything for the sale #sales #salestips #business #money #work #books #passion #salesman,"Jun 6, 2026",30,0
2026-02-04,wnOdNP9VCa8,POV: you do anything for the sale #sales #salestips #business #money #work #books #passion #salesman,"Jun 6, 2026",30,0
2026-02-05,wnOdNP9VCa8,POV: you do anything for the sale #sales #salestips #business #money #work #books #passion #salesman,"Jun 6, 2026",30,0
2026-02-06,wnOdNP9VCa8,POV: you do anything for the sale #sales #salestips #business #money #work #books #passion #salesman,"Jun 6, 2026",30,0
2026-02-07,wnOdNP9VCa8,POV: you do anything for the sale #sales #salestips #business #money #work #books #passion #salesman,"Jun 6, 2026",30,0
2026-02-08,wnOdNP9VCa8,POV: you do anything for the sale #sales #salestips #business #money #work #books #passion #salesman,"Jun 6, 2026",30,0
2026-02-09,wnOdNP9VCa8,POV: you do anything for the sale #sales #salestips #business #money #work #books #passion #salesman,"Jun 6, 2026",30,0
2026-02-10,wnOdNP9VCa8,POV: you do anything for the sale #sales #salestips #business #money #work #books #passion #salesman,"Jun 6, 2026",30,0
2026-02-11,wnOdNP9VCa8,POV: you do anything for the sale #sales #salestips #business #money #work #books #passion #salesman,"Jun 6, 2026",30,0
2026-02-12,wnOdNP9VCa8,POV: you do anything for the sale #sales #salestips #business #money #work #books #passion #salesman,"Jun 6, 2026",30,0
2026-02-13,wnOdNP9VCa8,POV: you do anything for the sale #sales #salestips #business #money #work #books #passion #salesman,"Jun 6, 2026",30,0
2026-02-14,wnOdNP9VCa8,POV: you do anything for the sale #sales #salestips #business #money #work #books #passion #salesman,"Jun 6, 2026",30,0
2026-02-15,wnOdNP9VCa8,POV: you do anything for the sale #sales #salestips #business #money #work #books #passion #salesman,"Jun 6, 2026",30,0
2026-02-16,wnOdNP9VCa8,POV: you do anything for the sale #sales #salestips #business #money #work #books #passion #salesman,"Jun 6, 2026",30,0
2026-02-17,wnOdNP9VCa8,POV: you do anything for the sale #sales #salestips #business #money #work #books #passion #salesman,"Jun 6, 2026",30,0
2026-02-18,wnOdNP9VCa8,POV: you do anything for the sale #sales #salestips #business #money #work #books #passion #salesman,"Jun 6, 2026",30,0
2026-02-19,wnOdNP9VCa8,POV: you do anything for the sale #sales #salestips #business #money #work #books #passion #salesman,"Jun 6, 2026",30,0
2026-02-20,wnOdNP9VCa8,POV: you do anything for the sale #sales #salestips #business #money #work #books #passion #salesman,"Jun 6, 2026",30,0
2026-02-21,wnOdNP9VCa8,POV: you do anything for the sale #sales #salestips #business #money #work #books #passion #salesman,"Jun 6, 2026",30,0
2026-02-22,wnOdNP9VCa8,POV: you do anything for the sale #sales #salestips #business #money #work #books #passion #salesman,"Jun 6, 2026",30,0
2026-02-23,wnOdNP9VCa8,POV: you do anything for the sale #sales #salestips #business #money #work #books #passion #salesman,"Jun 6, 2026",30,0
2026-02-24,wnOdNP9VCa8,POV: you do anything for the sale #sales #salestips #business #money #work #books #passion #salesman,"Jun 6, 2026",30,0
2026-02-25,wnOdNP9VCa8,POV: you do anything for the sale #sales #salestips #business #money #work #books #passion #salesman,"Jun 6, 2026",30,0
2026-02-26,wnOdNP9VCa8,POV: you do anything for the sale #sales #salestips #business #money #work #books #passion #salesman,"Jun 6, 2026",30,0
2026-02-27,wnOdNP9VCa8,POV: you do anything for the sale #sales #salestips #business #money #work #books #passion #salesman,"Jun 6, 2026",30,0
2026-02-28,wnOdNP9VCa8,POV: you do anything for the sale #sales #salestips #business #money #work #books #passion #salesman,"Jun 6, 2026",30,0
2026-03-01,wnOdNP9VCa8,POV: you do anything for the sale #sales #salestips #business #money #work #books #passion #salesman,"Jun 6, 2026",30,0
2026-03-02,wnOdNP9VCa8,POV: you do anything for the sale #sales #salestips #business #money #work #books #passion #salesman,"Jun 6, 2026",30,0
2026-03-03,wnOdNP9VCa8,POV: you do anything for the sale #sales #salestips #business #money #work #books #passion #salesman,"Jun 6, 2026",30,0
2026-03-04,wnOdNP9VCa8,POV: you do anything for the sale #sales #salestips #business #money #work #books #passion #salesman,"Jun 6, 2026",30,0
2026-03-05,wnOdNP9VCa8,POV: you do anything for the sale #sales #salestips #business #money #work #books #passion #salesman,"Jun 6, 2026",30,0
2026-03-06,wnOdNP9VCa8,POV: you do anything for the sale #sales #salestips #business #money #work #books #passion #salesman,"Jun 6, 2026",30,0
2026-03-07,wnOdNP9VCa8,POV: you do anything for the sale #sales #salestips #business #money #work #books #passion #salesman,"Jun 6, 2026",30,0
2026-03-08,wnOdNP9VCa8,POV: you do anything for the sale #sales #salestips #business #money #work #books #passion #salesman,"Jun 6, 2026",30,0
2026-03-09,wnOdNP9VCa8,POV: you do anything for the sale #sales #salestips #business #money #work #books #passion #salesman,"Jun 6, 2026",30,0
2026-03-10,wnOdNP9VCa8,POV: you do anything for the sale #sales #salestips #business #money #work #books #passion #salesman,"Jun 6, 2026",30,0
2026-03-11,wnOdNP9VCa8,POV: you do anything for the sale #sales #salestips #business #money #work #books #passion #salesman,"Jun 6, 2026",30,0
2026-03-12,wnOdNP9VCa8,POV: you do anything for the sale #sales #salestips #business #money #work #books #passion #salesman,"Jun 6, 2026",30,0
2026-03-13,wnOdNP9VCa8,POV: you do anything for the sale #sales #salestips #business #money #work #books #passion #salesman,"Jun 6, 2026",30,0
2026-03-14,wnOdNP9VCa8,POV: you do anything for the sale #sales #salestips #business #money #work #books #passion #salesman,"Jun 6, 2026",30,0
2026-03-15,wnOdNP9VCa8,POV: you do anything for the sale #sales #salestips #business #money #work #books #passion #salesman,"Jun 6, 2026",30,0
2026-03-16,wnOdNP9VCa8,POV: you do anything for the sale #sales #salestips #business #money #work #books #passion #salesman,"Jun 6, 2026",30,0
2026-03-17,wnOdNP9VCa8,POV: you do anything for the sale #sales #salestips #business #money #work #books #passion #salesman,"Jun 6, 2026",30,0
2026-03-18,wnOdNP9VCa8,POV: you do anything for the sale #sales #salestips #business #money #work #books #passion #salesman,"Jun 6, 2026",30,0
2026-03-19,wnOdNP9VCa8,POV: you do anything for the sale #sales #salestips #business #money #work #books #passion #salesman,"Jun 6, 2026",30,0
2026-03-20,wnOdNP9VCa8,POV: you do anything for the sale #sales #salestips #business #money #work #books #passion #salesman,"Jun 6, 2026",30,0
2026-03-21,wnOdNP9VCa8,POV: you do anything for the sale #sales #salestips #business #money #work #books #passion #salesman,"Jun 6, 2026",30,0
2026-03-22,wnOdNP9VCa8,POV: you do anything for the sale #sales #salestips #business #money #work #books #passion #salesman,"Jun 6, 2026",30,0
2026-03-23,wnOdNP9VCa8,POV: you do anything for the sale #sales #salestips #business #money #work #books #passion #salesman,"Jun 6, 2026",30,0
2026-03-24,wnOdNP9VCa8,POV: you do anything for the sale #sales #salestips #business #money #work #books #passion #salesman,"Jun 6, 2026",30,0
2026-03-25,wnOdNP9VCa8,POV: you do anything for the sale #sales #salestips #business #money #work #books #passion #salesman,"Jun 6, 2026",30,0
2026-03-26,wnOdNP9VCa8,POV: you do anything for the sale #sales #salestips #business #money #work #books #passion #salesman,"Jun 6, 2026",30,0
2026-03-27,wnOdNP9VCa8,POV: you do anything for the sale #sales #salestips #business #money #work #books #passion #salesman,"Jun 6, 2026",30,0
2026-03-28,wnOdNP9VCa8,POV: you do anything for the sale #sales #salestips #business #money #work #books #passion #salesman,"Jun 6, 2026",30,0
2026-03-29,wnOdNP9VCa8,POV: you do anything for the sale #sales #salestips #business #money #work #books #passion #salesman,"Jun 6, 2026",30,0
2026-03-30,wnOdNP9VCa8,POV: you do anything for the sale #sales #salestips #business #money #work #books #passion #salesman,"Jun 6, 2026",30,0
2026-03-31,wnOdNP9VCa8,POV: you do anything for the sale #sales #salestips #business #money #work #books #passion #salesman,"Jun 6, 2026",30,0
2026-04-01,wnOdNP9VCa8,POV: you do anything for the sale #sales #salestips #business #money #work #books #passion #salesman,"Jun 6, 2026",30,0
2026-04-02,wnOdNP9VCa8,POV: you do anything for the sale #sales #salestips #business #money #work #books #passion #salesman,"Jun 6, 2026",30,0
2026-04-03,wnOdNP9VCa8,POV: you do anything for the sale #sales #salestips #business #money #work #books #passion #salesman,"Jun 6, 2026",30,0
2026-04-04,wnOdNP9VCa8,POV: you do anything for the sale #sales #salestips #business #money #work #books #passion #salesman,"Jun 6, 2026",30,0
2026-04-05,wnOdNP9VCa8,POV: you do anything for the sale #sales #salestips #business #money #work #books #passion #salesman,"Jun 6, 2026",30,0
2026-04-06,wnOdNP9VCa8,POV: you do anything for the sale #sales #salestips #business #money #work #books #passion #salesman,"Jun 6, 2026",30,0
2026-04-07,wnOdNP9VCa8,POV: you do anything for the sale #sales #salestips #business #money #work #books #passion #salesman,"Jun 6, 2026",30,0
2026-04-08,wnOdNP9VCa8,POV: you do anything for the sale #sales #salestips #business #money #work #books #passion #salesman,"Jun 6, 2026",30,0
2026-04-09,wnOdNP9VCa8,POV: you do anything for the sale #sales #salestips #business #money #work #books #passion #salesman,"Jun 6, 2026",30,0
2026-04-10,wnOdNP9VCa8,POV: you do anything for the sale #sales #salestips #business #money #work #books #passion #salesman,"Jun 6, 2026",30,0
2026-04-11,wnOdNP9VCa8,POV: you do anything for the sale #sales #salestips #business #money #work #books #passion #salesman,"Jun 6, 2026",30,0
2026-04-12,wnOdNP9VCa8,POV: you do anything for the sale #sales #salestips #business #money #work #books #passion #salesman,"Jun 6, 2026",30,0
2026-04-13,wnOdNP9VCa8,POV: you do anything for the sale #sales #salestips #business #money #work #books #passion #salesman,"Jun 6, 2026",30,0
2026-04-14,wnOdNP9VCa8,POV: you do anything for the sale #sales #salestips #business #money #work #books #passion #salesman,"Jun 6, 2026",30,0
2026-04-15,wnOdNP9VCa8,POV: you do anything for the sale #sales #salestips #business #money #work #books #passion #salesman,"Jun 6, 2026",30,0
2026-04-16,wnOdNP9VCa8,POV: you do anything for the sale #sales #salestips #business #money #work #books #passion #salesman,"Jun 6, 2026",30,0
2026-04-17,wnOdNP9VCa8,POV: you do anything for the sale #sales #salestips #business #money #work #books #passion #salesman,"Jun 6, 2026",30,0
2026-04-18,wnOdNP9VCa8,POV: you do anything for the sale #sales #salestips #business #money #work #books #passion #salesman,"Jun 6, 2026",30,0
2026-04-19,wnOdNP9VCa8,POV: you do anything for the sale #sales #salestips #business #money #work #books #passion #salesman,"Jun 6, 2026",30,0
2026-04-20,wnOdNP9VCa8,POV: you do anything for the sale #sales #salestips #business #money #work #books #passion #salesman,"Jun 6, 2026",30,0
2026-04-21,wnOdNP9VCa8,POV: you do anything for the sale #sales #salestips #business #money #work #books #passion #salesman,"Jun 6, 2026",30,0
2026-04-22,wnOdNP9VCa8,POV: you do anything for the sale #sales #salestips #business #money #work #books #passion #salesman,"Jun 6, 2026",30,0
2026-04-23,wnOdNP9VCa8,POV: you do anything for the sale #sales #salestips #business #money #work #books #passion #salesman,"Jun 6, 2026",30,0
2026-04-24,wnOdNP9VCa8,POV: you do anything for the sale #sales #salestips #business #money #work #books #passion #salesman,"Jun 6, 2026",30,0
2026-04-25,wnOdNP9VCa8,POV: you do anything for the sale #sales #salestips #business #money #work #books #passion #salesman,"Jun 6, 2026",30,0
2026-04-26,wnOdNP9VCa8,POV: you do anything for the sale #sales #salestips #business #money #work #books #passion #salesman,"Jun 6, 2026",30,0
2026-04-27,wnOdNP9VCa8,POV: you do anything for the sale #sales #salestips #business #money #work #books #passion #salesman,"Jun 6, 2026",30,0
2026-04-28,wnOdNP9VCa8,POV: you do anything for the sale #sales #salestips #business #money #work #books #passion #salesman,"Jun 6, 2026",30,0
2026-04-29,wnOdNP9VCa8,POV: you do anything for the sale #sales #salestips #business #money #work #books #passion #salesman,"Jun 6, 2026",30,0
2026-04-30,wnOdNP9VCa8,POV: you do anything for the sale #sales #salestips #business #money #work #books #passion #salesman,"Jun 6, 2026",30,0
2026-05-01,wnOdNP9VCa8,POV: you do anything for the sale #sales #salestips #business #money #work #books #passion #salesman,"Jun 6, 2026",30,0
2026-05-02,wnOdNP9VCa8,POV: you do anything for the sale #sales #salestips #business #money #work #books #passion #salesman,"Jun 6, 2026",30,0
2026-05-03,wnOdNP9VCa8,POV: you do anything for the sale #sales #salestips #business #money #work #books #passion #salesman,"Jun 6, 2026",30,0
2026-05-04,wnOdNP9VCa8,POV: you do anything for the sale #sales #salestips #business #money #work #books #passion #salesman,"Jun 6, 2026",30,0
2026-05-05,wnOdNP9VCa8,POV: you do anything for the sale #sales #salestips #business #money #work #books #passion #salesman,"Jun 6, 2026",30,0
2026-05-06,wnOdNP9VCa8,POV: you do anything for the sale #sales #salestips #business #money #work #books #passion #salesman,"Jun 6, 2026",30,0
2026-05-07,wnOdNP9VCa8,POV: you do anything for the sale #sales #salestips #business #money #work #books #passion #salesman,"Jun 6, 2026",30,0
2026-05-08,wnOdNP9VCa8,POV: you do anything for the sale #sales #salestips #business #money #work #books #passion #salesman,"Jun 6, 2026",30,0
2026-05-09,wnOdNP9VCa8,POV: you do anything for the sale #sales #salestips #business #money #work #books #passion #salesman,"Jun 6, 2026",30,0
2026-05-10,wnOdNP9VCa8,POV: you do anything for the sale #sales #salestips #business #money #work #books #passion #salesman,"Jun 6, 2026",30,0
2026-05-11,wnOdNP9VCa8,POV: you do anything for the sale #sales #salestips #business #money #work #books #passion #salesman,"Jun 6, 2026",30,0
2026-05-12,wnOdNP9VCa8,POV: you do anything for the sale #sales #salestips #business #money #work #books #passion #salesman,"Jun 6, 2026",30,0
2026-05-13,wnOdNP9VCa8,POV: you do anything for the sale #sales #salestips #business #money #work #books #passion #salesman,"Jun 6, 2026",30,0
2026-05-14,wnOdNP9VCa8,POV: you do anything for the sale #sales #salestips #business #money #work #books #passion #salesman,"Jun 6, 2026",30,0
2026-05-15,wnOdNP9VCa8,POV: you do anything for the sale #sales #salestips #business #money #work #books #passion #salesman,"Jun 6, 2026",30,0
2026-05-16,wnOdNP9VCa8,POV: you do anything for the sale #sales #salestips #business #money #work #books #passion #salesman,"Jun 6, 2026",30,0
2026-05-17,wnOdNP9VCa8,POV: you do anything for the sale #sales #salestips #business #money #work #books #passion #salesman,"Jun 6, 2026",30,0
2026-05-18,wnOdNP9VCa8,POV: you do anything for the sale #sales #salestips #business #money #work #books #passion #salesman,"Jun 6, 2026",30,0
2026-05-19,wnOdNP9VCa8,POV: you do anything for the sale #sales #salestips #business #money #work #books #passion #salesman,"Jun 6, 2026",30,0
2026-05-20,wnOdNP9VCa8,POV: you do anything for the sale #sales #salestips #business #money #work #books #passion #salesman,"Jun 6, 2026",30,0
2026-05-21,wnOdNP9VCa8,POV: you do anything for the sale #sales #salestips #business #money #work #books #passion #salesman,"Jun 6, 2026",30,0
2026-05-22,wnOdNP9VCa8,POV: you do anything for the sale #sales #salestips #business #money #work #books #passion #salesman,"Jun 6, 2026",30,0
2026-05-23,wnOdNP9VCa8,POV: you do anything for the sale #sales #salestips #business #money #work #books #passion #salesman,"Jun 6, 2026",30,0
2026-05-24,wnOdNP9VCa8,POV: you do anything for the sale #sales #salestips #business #money #work #books #passion #salesman,"Jun 6, 2026",30,0
2026-05-25,wnOdNP9VCa8,POV: you do anything for the sale #sales #salestips #business #money #work #books #passion #salesman,"Jun 6, 2026",30,0
2026-05-26,wnOdNP9VCa8,POV: you do anything for the sale #sales #salestips #business #money #work #books #passion #salesman,"Jun 6, 2026",30,0
2026-05-27,wnOdNP9VCa8,POV: you do anything for the sale #sales #salestips #business #money #work #books #passion #salesman,"Jun 6, 2026",30,0
2026-05-28,wnOdNP9VCa8,POV: you do anything for the sale #sales #salestips #business #money #work #books #passion #salesman,"Jun 6, 2026",30,0
2026-05-29,wnOdNP9VCa8,POV: you do anything for the sale #sales #salestips #business #money #work #books #passion #salesman,"Jun 6, 2026",30,0
2026-05-30,wnOdNP9VCa8,POV: you do anything for the sale #sales #salestips #business #money #work #books #passion #salesman,"Jun 6, 2026",30,0
2026-05-31,wnOdNP9VCa8,POV: you do anything for the sale #sales #salestips #business #money #work #books #passion #salesman,"Jun 6, 2026",30,0
2026-06-01,wnOdNP9VCa8,POV: you do anything for the sale #sales #salestips #business #money #work #books #passion #salesman,"Jun 6, 2026",30,0
2026-06-02,wnOdNP9VCa8,POV: you do anything for the sale #sales #salestips #business #money #work #books #passion #salesman,"Jun 6, 2026",30,0
2026-06-03,wnOdNP9VCa8,POV: you do anything for the sale #sales #salestips #business #money #work #books #passion #salesman,"Jun 6, 2026",30,0
2026-06-04,wnOdNP9VCa8,POV: you do anything for the sale #sales #salestips #business #money #work #books #passion #salesman,"Jun 6, 2026",30,0
2026-06-05,wnOdNP9VCa8,POV: you do anything for the sale #sales #salestips #business #money #work #books #passion #salesman,"Jun 6, 2026",30,0
2026-06-06,wnOdNP9VCa8,POV: you do anything for the sale #sales #salestips #business #money #work #books #passion #salesman,"Jun 6, 2026",30,832
2026-06-07,wnOdNP9VCa8,POV: you do anything for the sale #sales #salestips #business #money #work #books #passion #salesman,"Jun 6, 2026",30,609
2026-06-08,wnOdNP9VCa8,POV: you do anything for the sale #sales #salestips #business #money #work #books #passion #salesman,"Jun 6, 2026",30,321
2026-06-09,wnOdNP9VCa8,POV: you do anything for the sale #sales #salestips #business #money #work #books #passion #salesman,"Jun 6, 2026",30,206
2026-06-10,wnOdNP9VCa8,POV: you do anything for the sale #sales #salestips #business #money #work #books #passion #salesman,"Jun 6, 2026",30,55
2026-06-11,wnOdNP9VCa8,POV: you do anything for the sale #sales #salestips #business #money #work #books #passion #salesman,"Jun 6, 2026",30,1
2026-06-12,wnOdNP9VCa8,POV: you do anything for the sale #sales #salestips #business #money #work #books #passion #salesman,"Jun 6, 2026",30,4
2026-06-13,wnOdNP9VCa8,POV: you do anything for the sale #sales #salestips #business #money #work #books #passion #salesman,"Jun 6, 2026",30,1
2026-06-14,wnOdNP9VCa8,POV: you do anything for the sale #sales #salestips #business #money #work #books #passion #salesman,"Jun 6, 2026",30,1
